LOCATION,TIME,Value
AUS,1950,0.892857
AUS,1951,0.892857
AUS,1952,0.892857
AUS,1953,0.892857
AUS,1954,0.892857
AUS,1955,0.892857
AUS,1956,0.892857
AUS,1957,0.892857
AUS,1958,0.892857
AUS,1959,0.892857
AUS,1960,0.892857
AUS,1961,0.892857
AUS,1962,0.892857
AUS,1963,0.892857
AUS,1964,0.892857
AUS,1965,0.892857
AUS,1966,0.892857
AUS,1967,0.892857
AUS,1968,0.892857
AUS,1969,0.892857
AUS,1970,0.892857
AUS,1971,0.88267
AUS,1972,0.838698
AUS,1973,0.704114
AUS,1974,0.696666
AUS,1975,0.763871
AUS,1976,0.818284
AUS,1977,0.901825
AUS,1978,0.873659
AUS,1979,0.894641
AUS,1980,0.878244
AUS,1981,0.870215
AUS,1982,0.985863
AUS,1983,1.110015
AUS,1984,1.139519
AUS,1985,1.431895
AUS,1986,1.495974
AUS,1987,1.42818
AUS,1988,1.279908
AUS,1989,1.264597
AUS,1990,1.281057
AUS,1991,1.283756
AUS,1992,1.361648
AUS,1993,1.47056
AUS,1994,1.367751
AUS,1995,1.349033
AUS,1996,1.277863
AUS,1997,1.34738
AUS,1998,1.591828
AUS,1999,1.54995
AUS,2000,1.724827
AUS,2001,1.933443
AUS,2002,1.840563
AUS,2003,1.541914
AUS,2004,1.359752
AUS,2005,1.309473
AUS,2006,1.327973
AUS,2007,1.195073
AUS,2008,1.192178
AUS,2009,1.282189
AUS,2010,1.090159
AUS,2011,0.969463
AUS,2012,0.965801
AUS,2013,1.035843
AUS,2014,1.109363
AUS,2015,1.33109
AUS,2016,1.345214
AUS,2017,1.304758
AUS,2018,1.338412
AUS,2019,1.438507
AUT,1950,1.453166
AUT,1951,1.552146
AUT,1952,1.552146
AUT,1953,1.774235
AUT,1954,1.889494
AUT,1955,1.889494
AUT,1956,1.889494
AUT,1957,1.889494
AUT,1958,1.889494
AUT,1959,1.889494
AUT,1960,1.889494
AUT,1961,1.889494
AUT,1962,1.889494
AUT,1963,1.889494
AUT,1964,1.889494
AUT,1965,1.889494
AUT,1966,1.889494
AUT,1967,1.889494
AUT,1968,1.889494
AUT,1969,1.889494
AUT,1970,1.889494
AUT,1971,1.815773
AUT,1972,1.679857
AUT,1973,1.422934
AUT,1974,1.358437
AUT,1975,1.265725
AUT,1976,1.303726
AUT,1977,1.201058
AUT,1978,1.055331
AUT,1979,0.971454
AUT,1980,0.940241
AUT,1981,1.157448
AUT,1982,1.239744
AUT,1983,1.305446
AUT,1984,1.454117
AUT,1985,1.503565
AUT,1986,1.109506
AUT,1987,0.918766
AUT,1988,0.89734
AUT,1989,0.96151
AUT,1990,0.826278
AUT,1991,0.848522
AUT,1992,0.798626
AUT,1993,0.845344
AUT,1994,0.830056
AUT,1995,0.732651
AUT,1996,0.769355
AUT,1997,0.886917
AUT,1998,0.899622
AUT,1999,0.938283
AUT,2000,1.082705
AUT,2001,1.116533
AUT,2002,1.057559
AUT,2003,0.884048
AUT,2004,0.803922
AUT,2005,0.8038
AUT,2006,0.796433
AUT,2007,0.729672
AUT,2008,0.679923
AUT,2009,0.716958
AUT,2010,0.754309
AUT,2011,0.718414
AUT,2012,0.778338
AUT,2013,0.752945
AUT,2014,0.752728
AUT,2015,0.901296
AUT,2016,0.903421
AUT,2017,0.885206
AUT,2018,0.846773
AUT,2019,0.893276
BEL,1950,1.239468
BEL,1951,1.239468
BEL,1952,1.239468
BEL,1953,1.239468
BEL,1954,1.239468
BEL,1955,1.239468
BEL,1956,1.239468
BEL,1957,1.239468
BEL,1958,1.239468
BEL,1959,1.239468
BEL,1960,1.239468
BEL,1961,1.239468
BEL,1962,1.239468
BEL,1963,1.239468
BEL,1964,1.239468
BEL,1965,1.239468
BEL,1966,1.239468
BEL,1967,1.239468
BEL,1968,1.239468
BEL,1969,1.239468
BEL,1970,1.239468
BEL,1971,1.216091
BEL,1972,1.091093
BEL,1973,0.966202
BEL,1974,0.965582
BEL,1975,0.911726
BEL,1976,0.956997
BEL,1977,0.888519
BEL,1978,0.780668
BEL,1979,0.726791
BEL,1980,0.724882
BEL,1981,0.92041
BEL,1982,1.13264
BEL,1983,1.267521
BEL,1984,1.432426
BEL,1985,1.471942
BEL,1986,1.107388
BEL,1987,0.925488
BEL,1988,0.911463
BEL,1989,0.9768
BEL,1990,0.828409
BEL,1991,0.846513
BEL,1992,0.796965
BEL,1993,0.857625
BEL,1994,0.829365
BEL,1995,0.730791
BEL,1996,0.767516
BEL,1997,0.886812
BEL,1998,0.89982
BEL,1999,0.938283
BEL,2000,1.082705
BEL,2001,1.116533
BEL,2002,1.057559
BEL,2003,0.884048
BEL,2004,0.803922
BEL,2005,0.8038
BEL,2006,0.796433
BEL,2007,0.729672
BEL,2008,0.679923
BEL,2009,0.716958
BEL,2010,0.754309
BEL,2011,0.718414
BEL,2012,0.778338
BEL,2013,0.752945
BEL,2014,0.752728
BEL,2015,0.901296
BEL,2016,0.903421
BEL,2017,0.885206
BEL,2018,0.846773
BEL,2019,0.893276
CAN,1950,1.089
CAN,1951,1.053
CAN,1952,0.979
CAN,1953,0.983
CAN,1954,0.973
CAN,1955,0.986
CAN,1956,0.984
CAN,1957,0.958844
CAN,1958,0.970619
CAN,1959,0.959114
CAN,1960,0.969767
CAN,1961,1.013063
CAN,1962,1.068769
CAN,1963,1.078514
CAN,1964,1.078598
CAN,1965,1.077984
CAN,1966,1.077342
CAN,1967,1.07871
CAN,1968,1.077471
CAN,1969,1.076781
CAN,1970,1.044219
CAN,1971,1.009811
CAN,1972,0.990663
CAN,1973,1.00009
CAN,1974,0.978018
CAN,1975,1.017159
CAN,1976,0.986028
CAN,1977,1.063442
CAN,1978,1.140659
CAN,1979,1.171424
CAN,1980,1.169227
CAN,1981,1.198903
CAN,1982,1.233735
CAN,1983,1.232412
CAN,1984,1.295066
CAN,1985,1.365507
CAN,1986,1.389471
CAN,1987,1.325983
CAN,1988,1.230701
CAN,1989,1.183972
CAN,1990,1.166774
CAN,1991,1.145726
CAN,1992,1.208723
CAN,1993,1.290088
CAN,1994,1.365673
CAN,1995,1.372445
CAN,1996,1.363522
CAN,1997,1.384598
CAN,1998,1.483505
CAN,1999,1.485705
CAN,2000,1.485394
CAN,2001,1.54884
CAN,2002,1.570343
CAN,2003,1.401015
CAN,2004,1.301282
CAN,2005,1.211405
CAN,2006,1.134345
CAN,2007,1.074046
CAN,2008,1.067087
CAN,2009,1.141535
CAN,2010,1.030113
CAN,2011,0.989258
CAN,2012,0.999365
CAN,2013,1.030137
CAN,2014,1.104747
CAN,2015,1.278786
CAN,2016,1.325615
CAN,2017,1.297936
CAN,2018,1.295818
CAN,2019,1.326854
CZE,1990,21.145
CZE,1991,27.92
CZE,1992,28.37
CZE,1993,29.152833
CZE,1994,28.785083
CZE,1995,26.540667
CZE,1996,27.144917
CZE,1997,31.698417
CZE,1998,32.281167
CZE,1999,34.56925
CZE,2000,38.598417
CZE,2001,38.035328
CZE,2002,32.738518
CZE,2003,28.209
CZE,2004,25.69975
CZE,2005,23.957417
CZE,2006,22.595583
CZE,2007,20.293667
CZE,2008,17.071667
CZE,2009,19.063
CZE,2010,19.09825
CZE,2011,17.695917
CZE,2012,19.5775
CZE,2013,19.570583
CZE,2014,20.7575
CZE,2015,24.59875
CZE,2016,24.439917
CZE,2017,23.376333
CZE,2018,21.729917
CZE,2019,22.93225
DNK,1950,6.90714
DNK,1951,6.90714
DNK,1952,6.90714
DNK,1953,6.90714
DNK,1954,6.90714
DNK,1955,6.90714
DNK,1956,6.90714
DNK,1957,6.90714
DNK,1958,6.90714
DNK,1959,6.90714
DNK,1960,6.90714
DNK,1961,6.90714
DNK,1962,6.90714
DNK,1963,6.90714
DNK,1964,6.90714
DNK,1965,6.90714
DNK,1966,6.90714
DNK,1967,6.956542
DNK,1968,7.5
DNK,1969,7.5
DNK,1970,7.5
DNK,1971,7.426338
DNK,1972,6.949292
DNK,1973,6.0495
DNK,1974,6.0949
DNK,1975,5.74615
DNK,1976,6.045025
DNK,1977,6.003192
DNK,1978,5.514625
DNK,1979,5.260958
DNK,1980,5.635942
DNK,1981,7.123367
DNK,1982,8.332442
DNK,1983,9.144992
DNK,1984,10.356592
DNK,1985,10.596392
DNK,1986,8.090992
DNK,1987,6.840317
DNK,1988,6.731525
DNK,1989,7.310175
DNK,1990,6.188558
DNK,1991,6.396458
DNK,1992,6.036133
DNK,1993,6.483939
DNK,1994,6.360552
DNK,1995,5.602367
DNK,1996,5.798672
DNK,1997,6.604459
DNK,1998,6.700827
DNK,1999,6.97624
DNK,2000,8.083144
DNK,2001,8.322817
DNK,2002,7.894714
DNK,2003,6.587673
DNK,2004,5.991057
DNK,2005,5.99691
DNK,2006,5.946778
DNK,2007,5.443701
DNK,2008,5.098131
DNK,2009,5.360867
DNK,2010,5.624075
DNK,2011,5.368712
DNK,2012,5.792476
DNK,2013,5.616312
DNK,2014,5.612467
DNK,2015,6.727907
DNK,2016,6.731718
DNK,2017,6.602893
DNK,2018,6.314619
DNK,2019,6.669447
FIN,1950,0.388514
FIN,1951,0.386832
FIN,1952,0.386832
FIN,1953,0.386832
FIN,1954,0.386832
FIN,1955,0.386832
FIN,1956,0.386832
FIN,1957,0.424675
FIN,1958,0.538201
FIN,1959,0.538201
FIN,1960,0.538201
FIN,1961,0.538201
FIN,1962,0.538201
FIN,1963,0.538201
FIN,1964,0.538201
FIN,1965,0.538201
FIN,1966,0.538201
FIN,1967,0.580247
FIN,1968,0.706384
FIN,1969,0.706384
FIN,1970,0.706384
FIN,1971,0.703769
FIN,1972,0.697363
FIN,1973,0.642674
FIN,1974,0.634699
FIN,1975,0.618707
FIN,1976,0.649948
FIN,1977,0.677699
FIN,1978,0.692486
FIN,1979,0.655148
FIN,1980,0.627355
FIN,1981,0.725773
FIN,1982,0.810736
FIN,1983,0.936821
FIN,1984,1.010809
FIN,1985,1.042411
FIN,1986,0.852632
FIN,1987,0.739281
FIN,1988,0.703502
FIN,1989,0.721731
FIN,1990,0.643067
FIN,1991,0.680148
FIN,1992,0.753388
FIN,1993,0.960738
FIN,1994,0.878532
FIN,1995,0.734421
FIN,1996,0.77258
FIN,1997,0.873137
FIN,1998,0.898807
FIN,1999,0.938283
FIN,2000,1.082705
FIN,2001,1.116533
FIN,2002,1.057559
FIN,2003,0.884048
FIN,2004,0.803922
FIN,2005,0.8038
FIN,2006,0.796433
FIN,2007,0.729672
FIN,2008,0.679923
FIN,2009,0.716958
FIN,2010,0.754309
FIN,2011,0.718414
FIN,2012,0.778338
FIN,2013,0.752945
FIN,2014,0.752728
FIN,2015,0.901296
FIN,2016,0.903421
FIN,2017,0.885206
FIN,2018,0.846773
FIN,2019,0.893276
FRA,1950,0.533084
FRA,1951,0.533511
FRA,1952,0.533526
FRA,1953,0.533511
FRA,1954,0.533526
FRA,1955,0.533526
FRA,1956,0.533251
FRA,1957,0.551318
FRA,1958,0.639863
FRA,1959,0.75265
FRA,1960,0.75265
FRA,1961,0.75265
FRA,1962,0.75265
FRA,1963,0.75265
FRA,1964,0.75265
FRA,1965,0.75265
FRA,1966,0.75265
FRA,1967,0.75265
FRA,1968,0.75265
FRA,1969,0.79185
FRA,1970,0.846731
FRA,1971,0.844659
FRA,1972,0.769036
FRA,1973,0.678822
FRA,1974,0.733222
FRA,1975,0.653671
FRA,1976,0.732194
FRA,1977,0.747789
FRA,1978,0.688018
FRA,1979,0.648582
FRA,1980,0.644185
FRA,1981,0.828501
FRA,1982,1.00191
FRA,1983,1.161858
FRA,1984,1.332267
FRA,1985,1.369789
FRA,1986,1.055876
FRA,1987,0.916327
FRA,1988,0.90813
FRA,1989,0.972646
FRA,1990,0.830127
FRA,1991,0.860135
FRA,1992,0.807037
FRA,1993,0.863354
FRA,1994,0.846404
FRA,1995,0.760947
FRA,1996,0.779856
FRA,1997,0.889798
FRA,1998,0.899375
FRA,1999,0.938283
FRA,2000,1.082705
FRA,2001,1.116533
FRA,2002,1.057559
FRA,2003,0.884048
FRA,2004,0.803922
FRA,2005,0.8038
FRA,2006,0.796433
FRA,2007,0.729672
FRA,2008,0.679923
FRA,2009,0.716958
FRA,2010,0.754309
FRA,2011,0.718414
FRA,2012,0.778338
FRA,2013,0.752945
FRA,2014,0.752728
FRA,2015,0.901296
FRA,2016,0.903421
FRA,2017,0.885206
FRA,2018,0.846773
FRA,2019,0.893276
DEU,1950,2.144861
DEU,1951,2.144861
DEU,1952,2.144861
DEU,1953,2.147426
DEU,1954,2.147426
DEU,1955,2.147426
DEU,1956,2.147426
DEU,1957,2.147426
DEU,1958,2.147426
DEU,1959,2.147426
DEU,1960,2.147426
DEU,1961,2.062211
DEU,1962,2.045168
DEU,1963,2.045168
DEU,1964,2.045168
DEU,1965,2.045168
DEU,1966,2.045168
DEU,1967,2.045168
DEU,1968,2.045168
DEU,1969,2.016194
DEU,1970,1.871328
DEU,1971,1.793302
DEU,1972,1.630327
DEU,1973,1.366479
DEU,1974,1.323096
DEU,1975,1.257927
DEU,1976,1.287433
DEU,1977,1.187313
DEU,1978,1.026994
DEU,1979,0.937138
DEU,1980,0.929358
DEU,1981,1.15552
DEU,1982,1.240697
DEU,1983,1.30546
DEU,1984,1.455107
DEU,1985,1.505226
DEU,1986,1.110262
DEU,1987,0.918992
DEU,1988,0.897944
DEU,1989,0.96125
DEU,1990,0.826111
DEU,1991,0.84851
DEU,1992,0.798459
DEU,1993,0.84533
DEU,1994,0.829721
DEU,1995,0.732749
DEU,1996,0.769379
DEU,1997,0.886609
DEU,1998,0.899704
DEU,1999,0.938283
DEU,2000,1.082705
DEU,2001,1.116533
DEU,2002,1.057559
DEU,2003,0.884048
DEU,2004,0.803922
DEU,2005,0.8038
DEU,2006,0.796433
DEU,2007,0.729672
DEU,2008,0.679923
DEU,2009,0.716958
DEU,2010,0.754309
DEU,2011,0.718414
DEU,2012,0.778338
DEU,2013,0.752945
DEU,2014,0.752728
DEU,2015,0.901296
DEU,2016,0.903421
DEU,2017,0.885206
DEU,2018,0.846773
DEU,2019,0.893276
GRC,1950,0.04402
GRC,1951,0.04402
GRC,1952,0.04402
GRC,1953,0.0773
GRC,1954,0.088042
GRC,1955,0.088042
GRC,1956,0.088042
GRC,1957,0.088042
GRC,1958,0.088042
GRC,1959,0.088042
GRC,1960,0.088042
GRC,1961,0.088041
GRC,1962,0.088041
GRC,1963,0.088041
GRC,1964,0.088041
GRC,1965,0.088041
GRC,1966,0.088041
GRC,1967,0.088041
GRC,1968,0.088041
GRC,1969,0.088041
GRC,1970,0.088041
GRC,1971,0.088041
GRC,1972,0.088042
GRC,1973,0.086941
GRC,1974,0.088042
GRC,1975,0.094061
GRC,1976,0.107168
GRC,1977,0.10811
GRC,1978,0.107837
GRC,1979,0.108697
GRC,1980,0.125067
GRC,1981,0.162607
GRC,1982,0.196047
GRC,1983,0.258442
GRC,1984,0.33079
GRC,1985,0.405338
GRC,1986,0.410803
GRC,1987,0.397445
GRC,1988,0.416318
GRC,1989,0.476644
GRC,1990,0.465191
GRC,1991,0.534898
GRC,1992,0.559426
GRC,1993,0.67278
GRC,1994,0.711967
GRC,1995,0.679861
GRC,1996,0.706417
GRC,1997,0.801344
GRC,1998,0.86729
GRC,1999,0.896982
GRC,2000,1.072336
GRC,2001,1.116533
GRC,2002,1.057559
GRC,2003,0.884048
GRC,2004,0.803922
GRC,2005,0.8038
GRC,2006,0.796433
GRC,2007,0.729672
GRC,2008,0.679923
GRC,2009,0.716958
GRC,2010,0.754309
GRC,2011,0.718414
GRC,2012,0.778338
GRC,2013,0.752945
GRC,2014,0.752728
GRC,2015,0.901296
GRC,2016,0.903421
GRC,2017,0.885206
GRC,2018,0.846773
GRC,2019,0.893276
HUN,1968,60
HUN,1969,60
HUN,1970,60
HUN,1971,59.821617
HUN,1972,55.26
HUN,1973,48.966225
HUN,1974,46.7524
HUN,1975,43.971383
HUN,1976,41.575267
HUN,1977,40.96075
HUN,1978,37.91135
HUN,1979,35.578
HUN,1980,32.532283
HUN,1981,34.314292
HUN,1982,36.63055
HUN,1983,42.67115
HUN,1984,48.042208
HUN,1985,50.1194
HUN,1986,45.83215
HUN,1987,46.970542
HUN,1988,50.413208
HUN,1989,59.066342
HUN,1990,63.205867
HUN,1991,74.735383
HUN,1992,78.988392
HUN,1993,91.933183
HUN,1994,105.160458
HUN,1995,125.681425
HUN,1996,152.646667
HUN,1997,186.789167
HUN,1998,214.401667
HUN,1999,237.145833
HUN,2000,282.179167
HUN,2001,286.49
HUN,2002,257.886667
HUN,2003,224.306667
HUN,2004,202.745833
HUN,2005,199.5825
HUN,2006,210.39
HUN,2007,183.625833
HUN,2008,172.113333
HUN,2009,202.341667
HUN,2010,207.944167
HUN,2011,201.055
HUN,2012,225.104167
HUN,2013,223.695
HUN,2014,232.601667
HUN,2015,279.3325
HUN,2016,281.523333
HUN,2017,274.433333
HUN,2018,270.211667
HUN,2019,290.66
ISL,1950,0.1629
ISL,1951,0.1629
ISL,1952,0.1629
ISL,1953,0.1629
ISL,1954,0.1629
ISL,1955,0.1629
ISL,1956,0.1629
ISL,1957,0.162857
ISL,1958,0.162857
ISL,1959,0.162857
ISL,1960,0.361905
ISL,1961,0.400833
ISL,1962,0.43
ISL,1963,0.43
ISL,1964,0.43
ISL,1965,0.43
ISL,1966,0.43
ISL,1967,0.441667
ISL,1968,0.621667
ISL,1969,0.88
ISL,1970,0.88
ISL,1971,0.88
ISL,1972,0.882604
ISL,1973,0.901342
ISL,1974,0.999517
ISL,1975,1.53695
ISL,1976,1.821717
ISL,1977,1.9887
ISL,1978,2.711108
ISL,1979,3.526
ISL,1980,4.797642
ISL,1981,7.224183
ISL,1982,12.351533
ISL,1983,24.842767
ISL,1984,31.693742
ISL,1985,41.507667
ISL,1986,41.104158
ISL,1987,38.677183
ISL,1988,43.013983
ISL,1989,57.041792
ISL,1990,58.283775
ISL,1991,58.996342
ISL,1992,57.545933
ISL,1993,67.603182
ISL,1994,69.944378
ISL,1995,64.691667
ISL,1996,66.5
ISL,1997,70.904291
ISL,1998,70.958333
ISL,1999,72.335293
ISL,2000,78.615947
ISL,2001,97.424603
ISL,2002,91.661667
ISL,2003,76.708983
ISL,2004,70.191667
ISL,2005,62.981667
ISL,2006,70.18
ISL,2007,64.055
ISL,2008,87.947917
ISL,2009,123.638381
ISL,2010,122.241811
ISL,2011,115.95404
ISL,2012,125.082787
ISL,2013,122.179121
ISL,2014,116.767353
ISL,2015,131.918708
ISL,2016,120.811548
ISL,2017,106.839572
ISL,2018,108.300176
ISL,2019,122.606774
IRL,1950,0.453478
IRL,1951,0.453478
IRL,1952,0.453478
IRL,1953,0.453478
IRL,1954,0.453478
IRL,1955,0.453478
IRL,1956,0.453478
IRL,1957,0.453478
IRL,1958,0.453478
IRL,1959,0.453478
IRL,1960,0.453478
IRL,1961,0.453478
IRL,1962,0.453478
IRL,1963,0.453478
IRL,1964,0.453478
IRL,1965,0.453478
IRL,1966,0.453478
IRL,1967,0.459776
IRL,1968,0.529058
IRL,1969,0.529058
IRL,1970,0.529058
IRL,1971,0.521761
IRL,1972,0.508391
IRL,1973,0.51827
IRL,1974,0.543139
IRL,1975,0.573974
IRL,1976,0.706622
IRL,1977,0.727905
IRL,1978,0.662174
IRL,1979,0.620388
IRL,1980,0.617912
IRL,1981,0.788886
IRL,1982,0.894609
IRL,1983,1.02173
IRL,1984,1.171401
IRL,1985,1.200683
IRL,1986,0.943578
IRL,1987,0.854428
IRL,1988,0.833542
IRL,1989,0.895855
IRL,1990,0.767669
IRL,1991,0.788885
IRL,1992,0.746252
IRL,1993,0.859929
IRL,1994,0.848983
IRL,1995,0.791978
IRL,1996,0.793622
IRL,1997,0.837574
IRL,1998,0.8917
IRL,1999,0.938283
IRL,2000,1.082705
IRL,2001,1.116533
IRL,2002,1.057559
IRL,2003,0.884048
IRL,2004,0.803922
IRL,2005,0.8038
IRL,2006,0.796433
IRL,2007,0.729672
IRL,2008,0.679923
IRL,2009,0.716958
IRL,2010,0.754309
IRL,2011,0.718414
IRL,2012,0.778338
IRL,2013,0.752945
IRL,2014,0.752728
IRL,2015,0.901296
IRL,2016,0.903421
IRL,2017,0.885206
IRL,2018,0.846773
IRL,2019,0.893276
ITA,1950,0.322584
ITA,1951,0.322786
ITA,1952,0.322786
ITA,1953,0.322786
ITA,1954,0.322786
ITA,1955,0.322786
ITA,1956,0.322786
ITA,1957,0.322786
ITA,1958,0.322651
ITA,1959,0.320764
ITA,1960,0.322262
ITA,1961,0.322786
ITA,1962,0.322786
ITA,1963,0.322786
ITA,1964,0.322786
ITA,1965,0.322786
ITA,1966,0.322786
ITA,1967,0.322786
ITA,1968,0.322786
ITA,1969,0.322786
ITA,1970,0.322786
ITA,1971,0.320389
ITA,1972,0.301207
ITA,1973,0.301092
ITA,1974,0.335874
ITA,1975,0.337168
ITA,1976,0.429865
ITA,1977,0.455716
ITA,1978,0.438298
ITA,1979,0.429104
ITA,1980,0.442318
ITA,1981,0.58709
ITA,1982,0.698513
ITA,1983,0.78442
ITA,1984,0.907395
ITA,1985,0.986143
ITA,1986,0.769939
ITA,1987,0.669364
ITA,1988,0.672235
ITA,1989,0.708627
ITA,1990,0.618768
ITA,1991,0.640723
ITA,1992,0.636484
ITA,1993,0.812731
ITA,1994,0.832758
ITA,1995,0.841274
ITA,1996,0.796866
ITA,1997,0.879576
ITA,1998,0.896676
ITA,1999,0.938283
ITA,2000,1.082705
ITA,2001,1.116533
ITA,2002,1.057559
ITA,2003,0.884048
ITA,2004,0.803922
ITA,2005,0.8038
ITA,2006,0.796433
ITA,2007,0.729672
ITA,2008,0.679923
ITA,2009,0.716958
ITA,2010,0.754309
ITA,2011,0.718414
ITA,2012,0.778338
ITA,2013,0.752945
ITA,2014,0.752728
ITA,2015,0.901296
ITA,2016,0.903421
ITA,2017,0.885206
ITA,2018,0.846773
ITA,2019,0.893276
JPN,1950,361.1
JPN,1951,361.1
JPN,1952,361.1
JPN,1953,360
JPN,1954,360
JPN,1955,360
JPN,1956,360
JPN,1957,360
JPN,1958,360
JPN,1959,360
JPN,1960,360
JPN,1961,360
JPN,1962,360
JPN,1963,360
JPN,1964,360
JPN,1965,360
JPN,1966,360
JPN,1967,360
JPN,1968,360
JPN,1969,360
JPN,1970,360
JPN,1971,350.677694
JPN,1972,303.1725
JPN,1973,271.701667
JPN,1974,292.0825
JPN,1975,296.7875
JPN,1976,296.5525
JPN,1977,268.51
JPN,1978,210.441667
JPN,1979,219.14
JPN,1980,226.740833
JPN,1981,220.535833
JPN,1982,249.076667
JPN,1983,237.511667
JPN,1984,237.5225
JPN,1985,238.535833
JPN,1986,168.519833
JPN,1987,144.6375
JPN,1988,128.151667
JPN,1989,137.964417
JPN,1990,144.7925
JPN,1991,134.706667
JPN,1992,126.651333
JPN,1993,111.197786
JPN,1994,102.207806
JPN,1995,94.059579
JPN,1996,108.779057
JPN,1997,120.990863
JPN,1998,130.905301
JPN,1999,113.906805
JPN,2000,107.765498
JPN,2001,121.528948
JPN,2002,125.388019
JPN,2003,115.933464
JPN,2004,108.192569
JPN,2005,110.218212
JPN,2006,116.299312
JPN,2007,117.753529
JPN,2008,103.359494
JPN,2009,93.570089
JPN,2010,87.779875
JPN,2011,79.80702
JPN,2012,79.790455
JPN,2013,97.595658
JPN,2014,105.944781
JPN,2015,121.044026
JPN,2016,108.7929
JPN,2017,112.166141
JPN,2018,110.423179
JPN,2019,109.009666
KOR,1950,2.5
KOR,1951,6
KOR,1952,6
KOR,1953,18
KOR,1954,18
KOR,1955,50
KOR,1956,50
KOR,1957,50
KOR,1958,50
KOR,1959,50
KOR,1960,63.125
KOR,1961,124.791667
KOR,1962,130
KOR,1963,130
KOR,1964,213.846667
KOR,1965,266.400833
KOR,1966,271.3375
KOR,1967,270.516667
KOR,1968,276.645
KOR,1969,288.160833
KOR,1970,310.555833
KOR,1971,347.1475
KOR,1972,392.894167
KOR,1973,398.321667
KOR,1974,404.4725
KOR,1975,484
KOR,1976,484
KOR,1977,484
KOR,1978,484
KOR,1979,484
KOR,1980,607.4325
KOR,1981,681.028333
KOR,1982,731.084167
KOR,1983,775.748333
KOR,1984,805.975833
KOR,1985,870.02
KOR,1986,881.454167
KOR,1987,822.5675
KOR,1988,731.468333
KOR,1989,671.455833
KOR,1990,707.764167
KOR,1991,733.353333
KOR,1992,780.650833
KOR,1993,802.670833
KOR,1994,803.445833
KOR,1995,771.273333
KOR,1996,804.453333
KOR,1997,951.289167
KOR,1998,1401.436667
KOR,1999,1188.816667
KOR,2000,1130.9575
KOR,2001,1290.994583
KOR,2002,1251.088333
KOR,2003,1191.614167
KOR,2004,1145.319167
KOR,2005,1024.116667
KOR,2006,954.790516
KOR,2007,929.257262
KOR,2008,1102.046667
KOR,2009,1276.93
KOR,2010,1156.060988
KOR,2011,1108.292125
KOR,2012,1126.470826
KOR,2013,1094.852917
KOR,2014,1052.960833
KOR,2015,1131.1575
KOR,2016,1160.433435
KOR,2017,1130.424621
KOR,2018,1100.5
KOR,2019,1165.498904
LUX,1950,1.239468
LUX,1951,1.239468
LUX,1952,1.239468
LUX,1953,1.239468
LUX,1954,1.239468
LUX,1955,1.239468
LUX,1956,1.239468
LUX,1957,1.239468
LUX,1958,1.239468
LUX,1959,1.239468
LUX,1960,1.239468
LUX,1961,1.239468
LUX,1962,1.239468
LUX,1963,1.239468
LUX,1964,1.239468
LUX,1965,1.239468
LUX,1966,1.239468
LUX,1967,1.239468
LUX,1968,1.239468
LUX,1969,1.239468
LUX,1970,1.239468
LUX,1971,1.216091
LUX,1972,1.091093
LUX,1973,0.966202
LUX,1974,0.965582
LUX,1975,0.911726
LUX,1976,0.956997
LUX,1977,0.888519
LUX,1978,0.780668
LUX,1979,0.726791
LUX,1980,0.724882
LUX,1981,0.92041
LUX,1982,1.13264
LUX,1983,1.267521
LUX,1984,1.432426
LUX,1985,1.471942
LUX,1986,1.107388
LUX,1987,0.925488
LUX,1988,0.911463
LUX,1989,0.9768
LUX,1990,0.828409
LUX,1991,0.846513
LUX,1992,0.796965
LUX,1993,0.857625
LUX,1994,0.829365
LUX,1995,0.730791
LUX,1996,0.767516
LUX,1997,0.886812
LUX,1998,0.89982
LUX,1999,0.938283
LUX,2000,1.082705
LUX,2001,1.116533
LUX,2002,1.057559
LUX,2003,0.884048
LUX,2004,0.803922
LUX,2005,0.8038
LUX,2006,0.796433
LUX,2007,0.729672
LUX,2008,0.679923
LUX,2009,0.716958
LUX,2010,0.754309
LUX,2011,0.718414
LUX,2012,0.778338
LUX,2013,0.752945
LUX,2014,0.752728
LUX,2015,0.901296
LUX,2016,0.903421
LUX,2017,0.885206
LUX,2018,0.846773
LUX,2019,0.893276
MEX,1950,0.00865
MEX,1951,0.00865
MEX,1952,0.00865
MEX,1953,0.00865
MEX,1954,0.0125
MEX,1955,0.0125
MEX,1956,0.0125
MEX,1957,0.0125
MEX,1958,0.0125
MEX,1959,0.0125
MEX,1960,0.0125
MEX,1961,0.0125
MEX,1962,0.0125
MEX,1963,0.0125
MEX,1964,0.0125
MEX,1965,0.0125
MEX,1966,0.0125
MEX,1967,0.0125
MEX,1968,0.0125
MEX,1969,0.0125
MEX,1970,0.0125
MEX,1971,0.0125
MEX,1972,0.0125
MEX,1973,0.0125
MEX,1974,0.0125
MEX,1975,0.0125
MEX,1976,0.015426
MEX,1977,0.022573
MEX,1978,0.022767
MEX,1979,0.022805
MEX,1980,0.022951
MEX,1981,0.024515
MEX,1982,0.056402
MEX,1983,0.120094
MEX,1984,0.167828
MEX,1985,0.256872
MEX,1986,0.611773
MEX,1987,1.378183
MEX,1988,2.273105
MEX,1989,2.461473
MEX,1990,2.812599
MEX,1991,3.01843
MEX,1992,3.094898
MEX,1993,3.115617
MEX,1994,3.375117
MEX,1995,6.419425
MEX,1996,7.599448
MEX,1997,7.91846
MEX,1998,9.136042
MEX,1999,9.560398
MEX,2000,9.455558
MEX,2001,9.342342
MEX,2002,9.655958
MEX,2003,10.789019
MEX,2004,11.285967
MEX,2005,10.897892
MEX,2006,10.899242
MEX,2007,10.928192
MEX,2008,11.129717
MEX,2009,13.513475
MEX,2010,12.636008
MEX,2011,12.423325
MEX,2012,13.169458
MEX,2013,12.771992
MEX,2014,13.29245
MEX,2015,15.848267
MEX,2016,18.664058
MEX,2017,18.926517
MEX,2018,19.244342
MEX,2019,19.263633
NLD,1950,1.724365
NLD,1951,1.724365
NLD,1952,1.724365
NLD,1953,1.724365
NLD,1954,1.724365
NLD,1955,1.724365
NLD,1956,1.724365
NLD,1957,1.724365
NLD,1958,1.724365
NLD,1959,1.724365
NLD,1960,1.724365
NLD,1961,1.656298
NLD,1962,1.642684
NLD,1963,1.642684
NLD,1964,1.642684
NLD,1965,1.642684
NLD,1966,1.642684
NLD,1967,1.642684
NLD,1968,1.642684
NLD,1969,1.642684
NLD,1970,1.642684
NLD,1971,1.595982
NLD,1972,1.456408
NLD,1973,1.268565
NLD,1974,1.219935
NLD,1975,1.147606
NLD,1976,1.199768
NLD,1977,1.11369
NLD,1978,0.981791
NLD,1979,0.910279
NLD,1980,0.902168
NLD,1981,1.132272
NLD,1982,1.211688
NLD,1983,1.295145
NLD,1984,1.456037
NLD,1985,1.507186
NLD,1986,1.111773
NLD,1987,0.919223
NLD,1988,0.896934
NLD,1989,0.962349
NLD,1990,0.826307
NLD,1991,0.848418
NLD,1992,0.797957
NLD,1993,0.842808
NLD,1994,0.825878
NLD,1995,0.728624
NLD,1996,0.765027
NLD,1997,0.885448
NLD,1998,0.900179
NLD,1999,0.938283
NLD,2000,1.082705
NLD,2001,1.116533
NLD,2002,1.057559
NLD,2003,0.884048
NLD,2004,0.803922
NLD,2005,0.8038
NLD,2006,0.796433
NLD,2007,0.729672
NLD,2008,0.679923
NLD,2009,0.716958
NLD,2010,0.754309
NLD,2011,0.718414
NLD,2012,0.778338
NLD,2013,0.752945
NLD,2014,0.752728
NLD,2015,0.901296
NLD,2016,0.903421
NLD,2017,0.885206
NLD,2018,0.846773
NLD,2019,0.893276
NZL,1950,0.714288
NZL,1951,0.714288
NZL,1952,0.714288
NZL,1953,0.714288
NZL,1954,0.714288
NZL,1955,0.714288
NZL,1956,0.714288
NZL,1957,0.714288
NZL,1958,0.714288
NZL,1959,0.714288
NZL,1960,0.714288
NZL,1961,0.715514
NZL,1962,0.719194
NZL,1963,0.719194
NZL,1964,0.719194
NZL,1965,0.719194
NZL,1966,0.719194
NZL,1967,0.733666
NZL,1968,0.892857
NZL,1969,0.892857
NZL,1970,0.892857
NZL,1971,0.880607
NZL,1972,0.83668
NZL,1973,0.736812
NZL,1974,0.715403
NZL,1975,0.832307
NZL,1976,1.004889
NZL,1977,1.030312
NZL,1978,0.964425
NZL,1979,0.978502
NZL,1980,1.02668
NZL,1981,1.152795
NZL,1982,1.332608
NZL,1983,1.496773
NZL,1984,1.763992
NZL,1985,2.023372
NZL,1986,1.913161
NZL,1987,1.694561
NZL,1988,1.526401
NZL,1989,1.672148
NZL,1990,1.676203
NZL,1991,1.733514
NZL,1992,1.861792
NZL,1993,1.850513
NZL,1994,1.686522
NZL,1995,1.523877
NZL,1996,1.454848
NZL,1997,1.512421
NZL,1998,1.868249
NZL,1999,1.889614
NZL,2000,2.201149
NZL,2001,2.378751
NZL,2002,2.162191
NZL,2003,1.722099
NZL,2004,1.508681
NZL,2005,1.420273
NZL,2006,1.542056
NZL,2007,1.360675
NZL,2008,1.422727
NZL,2009,1.600877
NZL,2010,1.387834
NZL,2011,1.265811
NZL,2012,1.234284
NZL,2013,1.219408
NZL,2014,1.205433
NZL,2015,1.433975
NZL,2016,1.436525
NZL,2017,1.407408
NZL,2018,1.445258
NZL,2019,1.517875
NOR,1950,7.14286
NOR,1951,7.14286
NOR,1952,7.14286
NOR,1953,7.14286
NOR,1954,7.14286
NOR,1955,7.14286
NOR,1956,7.14286
NOR,1957,7.14286
NOR,1958,7.14286
NOR,1959,7.14286
NOR,1960,7.14286
NOR,1961,7.14286
NOR,1962,7.14286
NOR,1963,7.14286
NOR,1964,7.14286
NOR,1965,7.14286
NOR,1966,7.14286
NOR,1967,7.14286
NOR,1968,7.14286
NOR,1969,7.14286
NOR,1970,7.14286
NOR,1971,7.055905
NOR,1972,6.588249
NOR,1973,5.765833
NOR,1974,5.539708
NOR,1975,5.226942
NOR,1976,5.456517
NOR,1977,5.3235
NOR,1978,5.24225
NOR,1979,5.064067
NOR,1980,4.939225
NOR,1981,5.739508
NOR,1982,6.454033
NOR,1983,7.296367
NOR,1984,8.161458
NOR,1985,8.597233
NOR,1986,7.394742
NOR,1987,6.73745
NOR,1988,6.516983
NOR,1989,6.9045
NOR,1990,6.259742
NOR,1991,6.482943
NOR,1992,6.214501
NOR,1993,7.094129
NOR,1994,7.057584
NOR,1995,6.335157
NOR,1996,6.449808
NOR,1997,7.073401
NOR,1998,7.545097
NOR,1999,7.799172
NOR,2000,8.801842
NOR,2001,8.991654
NOR,2002,7.983779
NOR,2003,7.080217
NOR,2004,6.740833
NOR,2005,6.4425
NOR,2006,6.413333
NOR,2007,5.861667
NOR,2008,5.64
NOR,2009,6.288333
NOR,2010,6.044167
NOR,2011,5.604607
NOR,2012,5.8175
NOR,2013,5.875
NOR,2014,6.301667
NOR,2015,8.064167
NOR,2016,8.4
NOR,2017,8.271667
NOR,2018,8.1325
NOR,2019,8.8
POL,1950,0.0004
POL,1951,0.0004
POL,1952,0.0004
POL,1953,0.0004
POL,1954,0.0004
POL,1955,0.0004
POL,1956,0.0004
POL,1957,0.0004
POL,1958,0.0004
POL,1959,0.0004
POL,1960,0.0004
POL,1961,0.0004
POL,1962,0.0004
POL,1963,0.0004
POL,1964,0.0004
POL,1965,0.0004
POL,1966,0.0004
POL,1967,0.0004
POL,1968,0.0004
POL,1969,0.0004
POL,1970,0.0004
POL,1971,0.000389
POL,1972,0.000368
POL,1973,0.000335
POL,1974,0.000332
POL,1975,0.000332
POL,1976,0.000332
POL,1977,0.000332
POL,1978,0.000581
POL,1979,0.00332
POL,1980,0.004422
POL,1981,0.005115
POL,1982,0.008482
POL,1983,0.009155
POL,1984,0.011324
POL,1985,0.014714
POL,1986,0.017529
POL,1987,0.026508
POL,1988,0.043055
POL,1989,0.143918
POL,1990,0.95
POL,1991,1.057606
POL,1992,1.362643
POL,1993,1.811497
POL,1994,2.272277
POL,1995,2.424983
POL,1996,2.6961
POL,1997,3.279292
POL,1998,3.4754
POL,1999,3.967108
POL,2000,4.346075
POL,2001,4.0939
POL,2002,4.080033
POL,2003,3.889075
POL,2004,3.657642
POL,2005,3.235483
POL,2006,3.103158
POL,2007,2.76795
POL,2008,2.409242
POL,2009,3.120142
POL,2010,3.0153
POL,2011,2.962848
POL,2012,3.256542
POL,2013,3.160617
POL,2014,3.154542
POL,2015,3.7695
POL,2016,3.942783
POL,2017,3.779333
POL,2018,3.611717
POL,2019,3.839375
PRT,1950,0.143404
PRT,1951,0.143404
PRT,1952,0.143404
PRT,1953,0.143404
PRT,1954,0.143404
PRT,1955,0.143404
PRT,1956,0.143404
PRT,1957,0.143404
PRT,1958,0.143404
PRT,1959,0.143404
PRT,1960,0.143404
PRT,1961,0.143404
PRT,1962,0.143404
PRT,1963,0.143404
PRT,1964,0.143404
PRT,1965,0.143404
PRT,1966,0.143404
PRT,1967,0.143404
PRT,1968,0.143404
PRT,1969,0.143404
PRT,1970,0.143404
PRT,1971,0.14146
PRT,1972,0.134942
PRT,1973,0.122281
PRT,1974,0.126735
PRT,1975,0.127457
PRT,1976,0.150782
PRT,1977,0.190925
PRT,1978,0.219158
PRT,1979,0.244029
PRT,1980,0.249709
PRT,1981,0.306992
PRT,1982,0.396411
PRT,1983,0.552567
PRT,1984,0.730192
PRT,1985,0.849925
PRT,1986,0.746136
PRT,1987,0.702719
PRT,1988,0.718039
PRT,1989,0.785398
PRT,1990,0.71106
PRT,1991,0.720673
PRT,1992,0.673366
PRT,1993,0.802068
PRT,1994,0.827968
PRT,1995,0.753711
PRT,1996,0.769364
PRT,1997,0.874455
PRT,1998,0.898357
PRT,1999,0.938283
PRT,2000,1.082705
PRT,2001,1.116533
PRT,2002,1.057559
PRT,2003,0.884048
PRT,2004,0.803922
PRT,2005,0.8038
PRT,2006,0.796433
PRT,2007,0.729672
PRT,2008,0.679923
PRT,2009,0.716958
PRT,2010,0.754309
PRT,2011,0.718414
PRT,2012,0.778338
PRT,2013,0.752945
PRT,2014,0.752728
PRT,2015,0.901296
PRT,2016,0.903421
PRT,2017,0.885206
PRT,2018,0.846773
PRT,2019,0.893276
SVK,1993,1.021363
SVK,1994,1.063694
SVK,1995,0.986305
SVK,1996,1.017518
SVK,1997,1.115852
SVK,1998,1.169535
SVK,1999,1.372995
SVK,2000,1.528088
SVK,2001,1.605086
SVK,2002,1.504572
SVK,2003,1.220637
SVK,2004,1.070733
SVK,2005,1.029617
SVK,2006,0.985768
SVK,2007,0.819702
SVK,2008,0.709069
SVK,2009,0.716958
SVK,2010,0.754309
SVK,2011,0.718414
SVK,2012,0.778338
SVK,2013,0.752945
SVK,2014,0.752728
SVK,2015,0.901296
SVK,2016,0.903421
SVK,2017,0.885206
SVK,2018,0.846773
SVK,2019,0.893276
ESP,1950,0.239203
ESP,1951,0.238301
ESP,1952,0.238301
ESP,1953,0.238301
ESP,1954,0.234094
ESP,1955,0.234094
ESP,1956,0.234094
ESP,1957,0.248228
ESP,1958,0.25242
ESP,1959,0.306514
ESP,1960,0.360607
ESP,1961,0.360607
ESP,1962,0.360607
ESP,1963,0.360607
ESP,1964,0.360607
ESP,1965,0.360607
ESP,1966,0.360607
ESP,1967,0.370624
ESP,1968,0.420708
ESP,1969,0.420708
ESP,1970,0.420708
ESP,1971,0.417515
ESP,1972,0.386279
ESP,1973,0.35015
ESP,1974,0.346703
ESP,1975,0.345023
ESP,1976,0.402095
ESP,1977,0.45654
ESP,1978,0.460783
ESP,1979,0.403429
ESP,1980,0.430937
ESP,1981,0.554865
ESP,1982,0.660267
ESP,1983,0.862031
ESP,1984,0.966193
ESP,1985,1.021986
ESP,1986,0.841708
ESP,1987,0.74212
ESP,1988,0.7001
ESP,1989,0.711464
ESP,1990,0.612635
ESP,1991,0.624521
ESP,1992,0.615311
ESP,1993,0.764851
ESP,1994,0.805104
ESP,1995,0.749396
ESP,1996,0.761251
ESP,1997,0.879964
ESP,1998,0.897884
ESP,1999,0.938283
ESP,2000,1.082705
ESP,2001,1.116533
ESP,2002,1.057559
ESP,2003,0.884048
ESP,2004,0.803922
ESP,2005,0.8038
ESP,2006,0.796433
ESP,2007,0.729672
ESP,2008,0.679923
ESP,2009,0.716958
ESP,2010,0.754309
ESP,2011,0.718414
ESP,2012,0.778338
ESP,2013,0.752945
ESP,2014,0.752728
ESP,2015,0.901296
ESP,2016,0.903421
ESP,2017,0.885206
ESP,2018,0.846773
ESP,2019,0.893276
SWE,1950,5.172771
SWE,1951,5.17321
SWE,1952,5.17321
SWE,1953,5.17321
SWE,1954,5.17321
SWE,1955,5.17321
SWE,1956,5.17321
SWE,1957,5.17321
SWE,1958,5.17321
SWE,1959,5.17321
SWE,1960,5.17321
SWE,1961,5.17321
SWE,1962,5.17321
SWE,1963,5.17321
SWE,1964,5.17321
SWE,1965,5.17321
SWE,1966,5.17321
SWE,1967,5.17321
SWE,1968,5.17321
SWE,1969,5.17321
SWE,1970,5.17321
SWE,1971,5.125905
SWE,1972,4.762417
SWE,1973,4.36725
SWE,1974,4.439425
SWE,1975,4.152192
SWE,1976,4.355892
SWE,1977,4.481642
SWE,1978,4.518475
SWE,1979,4.287083
SWE,1980,4.229575
SWE,1981,5.063442
SWE,1982,6.282608
SWE,1983,7.667108
SWE,1984,8.2718
SWE,1985,8.603925
SWE,1986,7.123583
SWE,1987,6.340442
SWE,1988,6.12715
SWE,1989,6.446876
SWE,1990,5.91879
SWE,1991,6.047467
SWE,1992,5.823833
SWE,1993,7.783427
SWE,1994,7.71597
SWE,1995,7.133268
SWE,1996,6.705956
SWE,1997,7.634894
SWE,1998,7.949868
SWE,1999,8.262428
SWE,2000,9.162244
SWE,2001,10.329136
SWE,2002,9.737123
SWE,2003,8.086304
SWE,2004,7.348887
SWE,2005,7.473088
SWE,2006,7.378249
SWE,2007,6.75877
SWE,2008,6.591099
SWE,2009,7.653819
SWE,2010,7.207524
SWE,2011,6.493543
SWE,2012,6.775016
SWE,2013,6.513972
SWE,2014,6.860785
SWE,2015,8.434841
SWE,2016,8.561992
SWE,2017,8.548861
SWE,2018,8.692518
SWE,2019,9.458349
CHE,1950,4.37295
CHE,1951,4.37295
CHE,1952,4.37295
CHE,1953,4.37295
CHE,1954,4.37295
CHE,1955,4.37295
CHE,1956,4.37295
CHE,1957,4.37295
CHE,1958,4.37295
CHE,1959,4.37295
CHE,1960,4.37295
CHE,1961,4.37295
CHE,1962,4.37295
CHE,1963,4.37295
CHE,1964,4.37295
CHE,1965,4.37295
CHE,1966,4.37295
CHE,1967,4.37295
CHE,1968,4.37295
CHE,1969,4.37295
CHE,1970,4.37295
CHE,1971,4.133854
CHE,1972,3.81925
CHE,1973,3.164833
CHE,1974,2.97925
CHE,1975,2.581283
CHE,1976,2.499642
CHE,1977,2.403525
CHE,1978,1.788025
CHE,1979,1.662725
CHE,1980,1.675708
CHE,1981,1.964242
CHE,1982,2.030275
CHE,1983,2.099142
CHE,1984,2.349683
CHE,1985,2.457125
CHE,1986,1.798917
CHE,1987,1.491192
CHE,1988,1.4633
CHE,1989,1.635925
CHE,1990,1.389158
CHE,1991,1.433992
CHE,1992,1.406218
CHE,1993,1.477617
CHE,1994,1.367693
CHE,1995,1.182469
CHE,1996,1.23601
CHE,1997,1.451313
CHE,1998,1.449813
CHE,1999,1.502155
CHE,2000,1.688843
CHE,2001,1.687615
CHE,2002,1.558607
CHE,2003,1.346651
CHE,2004,1.243496
CHE,2005,1.245177
CHE,2006,1.253843
CHE,2007,1.200366
CHE,2008,1.08309
CHE,2009,1.088142
CHE,2010,1.042906
CHE,2011,0.888042
CHE,2012,0.937684
CHE,2013,0.926904
CHE,2014,0.916151
CHE,2015,0.962381
CHE,2016,0.985394
CHE,2017,0.984692
CHE,2018,0.977883
CHE,2019,0.993841
TUR,1950,2.8
TUR,1951,2.8
TUR,1952,2.8
TUR,1953,2.8
TUR,1954,2.8
TUR,1955,2.8
TUR,1956,2.8
TUR,1957,0.233336
TUR,1958,0.000005
TUR,1959,0.000009
TUR,1960,0.000009
TUR,1961,0.000009
TUR,1962,0.000009
TUR,1963,0.000009
TUR,1964,0.000009
TUR,1965,0.000009
TUR,1966,0.000009
TUR,1967,0.000009
TUR,1968,0.000009
TUR,1969,0.000009
TUR,1970,0.000011
TUR,1971,0.000015
TUR,1972,0.000014
TUR,1973,0.000014
TUR,1974,0.000014
TUR,1975,0.000014
TUR,1976,0.000016
TUR,1977,0.000018
TUR,1978,0.000024
TUR,1979,0.000031
TUR,1980,0.000076
TUR,1981,0.000111
TUR,1982,0.000163
TUR,1983,0.000225
TUR,1984,0.000367
TUR,1985,0.000522
TUR,1986,0.000675
TUR,1987,0.000857
TUR,1988,0.001422
TUR,1989,0.002122
TUR,1990,0.002609
TUR,1991,0.004172
TUR,1992,0.006872
TUR,1993,0.010985
TUR,1994,0.029609
TUR,1995,0.045845
TUR,1996,0.081405
TUR,1997,0.151865
TUR,1998,0.260724
TUR,1999,0.418783
TUR,2000,0.625219
TUR,2001,1.225588
TUR,2002,1.507226
TUR,2003,1.500885
TUR,2004,1.425537
TUR,2005,1.343583
TUR,2006,1.428453
TUR,2007,1.302931
TUR,2008,1.301522
TUR,2009,1.54996
TUR,2010,1.502849
TUR,2011,1.674955
TUR,2012,1.796001
TUR,2013,1.903768
TUR,2014,2.188542
TUR,2015,2.720009
TUR,2016,3.020135
TUR,2017,3.648133
TUR,2018,4.82837
TUR,2019,5.673819
GBR,1950,0.357143
GBR,1951,0.357143
GBR,1952,0.357143
GBR,1953,0.357143
GBR,1954,0.357143
GBR,1955,0.357143
GBR,1956,0.357143
GBR,1957,0.357143
GBR,1958,0.357143
GBR,1959,0.357143
GBR,1960,0.357143
GBR,1961,0.357143
GBR,1962,0.357143
GBR,1963,0.357143
GBR,1964,0.357143
GBR,1965,0.357143
GBR,1966,0.357143
GBR,1967,0.362103
GBR,1968,0.416667
GBR,1969,0.416667
GBR,1970,0.416667
GBR,1971,0.41092
GBR,1972,0.40039
GBR,1973,0.408171
GBR,1974,0.427756
GBR,1975,0.452041
GBR,1976,0.55651
GBR,1977,0.573272
GBR,1978,0.521505
GBR,1979,0.472181
GBR,1980,0.430295
GBR,1981,0.497641
GBR,1982,0.572447
GBR,1983,0.659725
GBR,1984,0.751807
GBR,1985,0.779246
GBR,1986,0.682197
GBR,1987,0.611927
GBR,1988,0.56217
GBR,1989,0.611173
GBR,1990,0.563177
GBR,1991,0.567015
GBR,1992,0.569774
GBR,1993,0.666757
GBR,1994,0.653427
GBR,1995,0.633668
GBR,1996,0.640958
GBR,1997,0.610836
GBR,1998,0.603824
GBR,1999,0.618057
GBR,2000,0.660931
GBR,2001,0.694655
GBR,2002,0.667223
GBR,2003,0.612472
GBR,2004,0.54618
GBR,2005,0.549998
GBR,2006,0.543487
GBR,2007,0.499772
GBR,2008,0.543966
GBR,2009,0.641919
GBR,2010,0.647179
GBR,2011,0.624141
GBR,2012,0.633047
GBR,2013,0.639661
GBR,2014,0.60773
GBR,2015,0.654545
GBR,2016,0.740634
GBR,2017,0.776977
GBR,2018,0.749532
GBR,2019,0.783445
USA,1950,1
USA,1951,1
USA,1952,1
USA,1953,1
USA,1954,1
USA,1955,1
USA,1956,1
USA,1957,1
USA,1958,1
USA,1959,1
USA,1960,1
USA,1961,1
USA,1962,1
USA,1963,1
USA,1964,1
USA,1965,1
USA,1966,1
USA,1967,1
USA,1968,1
USA,1969,1
USA,1970,1
USA,1971,1
USA,1972,1
USA,1973,1
USA,1974,1
USA,1975,1
USA,1976,1
USA,1977,1
USA,1978,1
USA,1979,1
USA,1980,1
USA,1981,1
USA,1982,1
USA,1983,1
USA,1984,1
USA,1985,1
USA,1986,1
USA,1987,1
USA,1988,1
USA,1989,1
USA,1990,1
USA,1991,1
USA,1992,1
USA,1993,1
USA,1994,1
USA,1995,1
USA,1996,1
USA,1997,1
USA,1998,1
USA,1999,1
USA,2000,1
USA,2001,1
USA,2002,1
USA,2003,1
USA,2004,1
USA,2005,1
USA,2006,1
USA,2007,1
USA,2008,1
USA,2009,1
USA,2010,1
USA,2011,1
USA,2012,1
USA,2013,1
USA,2014,1
USA,2015,1
USA,2016,1
USA,2017,1
USA,2018,1
USA,2019,1
BRA,1950,0
BRA,1951,0
BRA,1952,0
BRA,1953,0
BRA,1954,0
BRA,1955,0
BRA,1956,0
BRA,1957,0
BRA,1958,0
BRA,1959,0
BRA,1960,0
BRA,1961,0
BRA,1962,0
BRA,1963,0
BRA,1964,0
BRA,1965,0
BRA,1966,0
BRA,1967,0
BRA,1968,0
BRA,1969,0
BRA,1970,0
BRA,1971,0
BRA,1972,0
BRA,1973,0
BRA,1974,0
BRA,1975,0
BRA,1976,0
BRA,1977,0
BRA,1978,0
BRA,1979,0
BRA,1980,0
BRA,1981,0
BRA,1982,0
BRA,1983,0
BRA,1984,0
BRA,1985,0
BRA,1986,0
BRA,1987,0
BRA,1988,0
BRA,1989,0.000001
BRA,1990,0.00003
BRA,1991,0.000176
BRA,1992,0.001953
BRA,1993,0.038277
BRA,1994,0.664684
BRA,1995,0.917667
BRA,1996,1.0051
BRA,1997,1.077992
BRA,1998,1.160517
BRA,1999,1.813933
BRA,2000,1.829423
BRA,2001,2.349632
BRA,2002,2.920363
BRA,2003,3.077475
BRA,2004,2.925119
BRA,2005,2.43439
BRA,2006,2.175327
BRA,2007,1.947058
BRA,2008,1.833767
BRA,2009,1.999428
BRA,2010,1.759227
BRA,2011,1.672829
BRA,2012,1.953069
BRA,2013,2.156089
BRA,2014,2.352952
BRA,2015,3.326904
BRA,2016,3.491313
BRA,2017,3.191389
BRA,2018,3.653825
BRA,2019,3.927342
CHL,1950,0.000048
CHL,1951,0.000056
CHL,1952,0.000062
CHL,1953,0.000071
CHL,1954,0.000092
CHL,1955,0.000162
CHL,1956,0.000336
CHL,1957,0.000521
CHL,1958,0.000705
CHL,1959,0.000944
CHL,1960,0.001049
CHL,1961,0.00105
CHL,1962,0.001058
CHL,1963,0.001622
CHL,1964,0.002307
CHL,1965,0.003157
CHL,1966,0.003851
CHL,1967,0.005068
CHL,1968,0.006876
CHL,1969,0.008618
CHL,1970,0.011278
CHL,1971,0.012209
CHL,1972,0.020835
CHL,1973,0.071642
CHL,1974,0.592826
CHL,1975,4.910417
CHL,1976,13.054167
CHL,1977,21.535833
CHL,1978,31.655833
CHL,1979,37.245833
CHL,1980,39
CHL,1981,39
CHL,1982,50.908333
CHL,1983,78.788333
CHL,1984,98.4775
CHL,1985,160.86
CHL,1986,192.93
CHL,1987,219.406667
CHL,1988,245.011667
CHL,1989,266.954167
CHL,1990,304.903333
CHL,1991,349.215833
CHL,1992,362.575833
CHL,1993,404.165833
CHL,1994,420.176667
CHL,1995,396.773333
CHL,1996,412.266667
CHL,1997,419.295
CHL,1998,460.2875
CHL,1999,508.776667
CHL,2000,539.5875
CHL,2001,634.938333
CHL,2002,688.936667
CHL,2003,691.3975
CHL,2004,609.529167
CHL,2005,559.7675
CHL,2006,530.275
CHL,2007,522.464167
CHL,2008,522.461036
CHL,2009,560.859895
CHL,2010,510.249167
CHL,2011,483.6675
CHL,2012,486.471303
CHL,2013,495.272878
CHL,2014,570.348216
CHL,2015,654.124084
CHL,2016,676.957736
CHL,2017,648.833793
CHL,2018,641.276813
CHL,2019,702.897423
CHN,1957,2.461809
CHN,1958,2.461809
CHN,1959,2.461809
CHN,1960,2.461809
CHN,1961,2.461809
CHN,1962,2.461809
CHN,1963,2.461809
CHN,1964,2.461809
CHN,1965,2.461809
CHN,1966,2.461809
CHN,1967,2.461809
CHN,1968,2.461809
CHN,1969,2.461809
CHN,1970,2.461809
CHN,1971,2.461809
CHN,1972,2.245066
CHN,1973,1.989416
CHN,1974,1.961107
CHN,1975,1.859823
CHN,1976,1.941415
CHN,1977,1.857823
CHN,1978,1.683589
CHN,1979,1.554939
CHN,1980,1.498386
CHN,1981,1.704542
CHN,1982,1.892542
CHN,1983,1.975675
CHN,1984,2.320042
CHN,1985,2.936658
CHN,1986,3.452792
CHN,1987,3.7221
CHN,1988,3.7221
CHN,1989,3.765108
CHN,1990,4.783208
CHN,1991,5.323392
CHN,1992,5.514592
CHN,1993,5.761958
CHN,1994,8.618743
CHN,1995,8.351417
CHN,1996,8.314175
CHN,1997,8.289817
CHN,1998,8.278958
CHN,1999,8.27825
CHN,2000,8.278504
CHN,2001,8.277068
CHN,2002,8.276958
CHN,2003,8.277037
CHN,2004,8.276801
CHN,2005,8.194317
CHN,2006,7.973438
CHN,2007,7.607532
CHN,2008,6.948655
CHN,2009,6.831416
CHN,2010,6.770269
CHN,2011,6.461461
CHN,2012,6.312333
CHN,2013,6.195758
CHN,2014,6.143434
CHN,2015,6.227489
CHN,2016,6.644478
CHN,2017,6.758755
CHN,2018,6.615957
CHN,2019,6.908385
COL,1950,1.96
COL,1951,2.4
COL,1952,2.51
COL,1953,2.51
COL,1954,2.51
COL,1955,2.51
COL,1956,2.51
COL,1957,3.7975
COL,1958,6.4
COL,1959,6.4
COL,1960,6.635
COL,1961,6.7
COL,1962,6.901208
COL,1963,9
COL,1964,9
COL,1965,10.475
COL,1966,13.5
COL,1967,14.506392
COL,1968,16.290667
COL,1969,17.320142
COL,1970,18.4431
COL,1971,19.931933
COL,1972,21.865642
COL,1973,23.636983
COL,1974,26.064125
COL,1975,30.928942
COL,1976,34.693925
COL,1977,36.774867
COL,1978,39.094642
COL,1979,42.549775
COL,1980,47.280308
COL,1981,54.49055
COL,1982,64.084717
COL,1983,78.8543
COL,1984,100.817242
COL,1985,142.311667
COL,1986,194.261417
COL,1987,242.6075
COL,1988,299.173833
COL,1989,382.568083
COL,1990,502.25925
COL,1991,633.045167
COL,1992,759.282
COL,1993,863.064683
COL,1994,844.83589
COL,1995,912.826415
COL,1996,1036.686417
COL,1997,1140.962942
COL,1998,1426.037458
COL,1999,1756.230848
COL,2000,2087.903842
COL,2001,2299.633156
COL,2002,2504.241331
COL,2003,2877.652458
COL,2004,2628.612903
COL,2005,2320.834177
COL,2006,2361.139407
COL,2007,2078.291837
COL,2008,1967.711309
COL,2009,2158.255903
COL,2010,1898.569636
COL,2011,1848.13947
COL,2012,1796.895912
COL,2013,1868.785327
COL,2014,2001.781048
COL,2015,2741.880855
COL,2016,3054.121673
COL,2017,2951.327402
COL,2018,2955.70397
COL,2019,3280.831631
EST,1993,0.845088
EST,1994,0.830292
EST,1995,0.732731
EST,1996,0.769368
EST,1997,0.887206
EST,1998,0.899535
EST,1999,0.938069
EST,2000,1.084494
EST,2001,1.117052
EST,2002,1.061687
EST,2003,0.885586
EST,2004,0.805003
EST,2005,0.804251
EST,2006,0.79669
EST,2007,0.730756
EST,2008,0.683499
EST,2009,0.719481
EST,2010,0.754595
EST,2011,0.718414
EST,2012,0.778338
EST,2013,0.752945
EST,2014,0.752728
EST,2015,0.901296
EST,2016,0.903421
EST,2017,0.885206
EST,2018,0.846773
EST,2019,0.893276
IND,1950,4.7619
IND,1951,4.7619
IND,1952,4.7619
IND,1953,4.7619
IND,1954,4.7619
IND,1955,4.7619
IND,1956,4.7619
IND,1957,4.7619
IND,1958,4.7619
IND,1959,4.7619
IND,1960,4.7619
IND,1961,4.7619
IND,1962,4.7619
IND,1963,4.7619
IND,1964,4.7619
IND,1965,4.7619
IND,1966,6.359125
IND,1967,7.5
IND,1968,7.5
IND,1969,7.5
IND,1970,7.5
IND,1971,7.491935
IND,1972,7.594468
IND,1973,7.742039
IND,1974,8.101603
IND,1975,8.375892
IND,1976,8.960413
IND,1977,8.738576
IND,1978,8.19284
IND,1979,8.125791
IND,1980,7.862945
IND,1981,8.658523
IND,1982,9.455132
IND,1983,10.098898
IND,1984,11.362583
IND,1985,12.36875
IND,1986,12.610833
IND,1987,12.9615
IND,1988,13.917083
IND,1989,16.2255
IND,1990,17.5035
IND,1991,22.742433
IND,1992,25.918083
IND,1993,30.493292
IND,1994,31.373742
IND,1995,32.427077
IND,1996,35.433173
IND,1997,36.313286
IND,1998,41.259365
IND,1999,43.055428
IND,2000,44.941605
IND,2001,47.186414
IND,2002,48.610319
IND,2003,46.583284
IND,2004,45.316467
IND,2005,44.099975
IND,2006,45.307008
IND,2007,41.348533
IND,2008,43.505183
IND,2009,48.405267
IND,2010,45.725812
IND,2011,46.670467
IND,2012,53.437233
IND,2013,58.597845
IND,2014,61.029514
IND,2015,64.151944
IND,2016,67.195313
IND,2017,65.121569
IND,2018,68.389467
IND,2019,70.419969
IDN,1967,149.583333
IDN,1968,296.291667
IDN,1969,326
IDN,1970,362.833333
IDN,1971,391.875
IDN,1972,415
IDN,1973,415
IDN,1974,415
IDN,1975,415
IDN,1976,415
IDN,1977,415
IDN,1978,442.045417
IDN,1979,623.0555
IDN,1980,626.994
IDN,1981,631.756667
IDN,1982,661.42075
IDN,1983,909.264833
IDN,1984,1025.944833
IDN,1985,1110.58
IDN,1986,1282.56
IDN,1987,1643.848333
IDN,1988,1685.704167
IDN,1989,1770.059167
IDN,1990,1842.813333
IDN,1991,1950.3175
IDN,1992,2029.920833
IDN,1993,2087.103867
IDN,1994,2160.753675
IDN,1995,2248.607975
IDN,1996,2342.296292
IDN,1997,2909.38
IDN,1998,10013.6225
IDN,1999,7855.15
IDN,2000,8421.775
IDN,2001,10260.85
IDN,2002,9311.191667
IDN,2003,8577.133333
IDN,2004,8938.85
IDN,2005,9704.741667
IDN,2006,9159.316667
IDN,2007,9141
IDN,2008,9698.9625
IDN,2009,10389.9375
IDN,2010,9090.433333
IDN,2011,8770.433333
IDN,2012,9386.629167
IDN,2013,10461.24
IDN,2014,11865.211296
IDN,2015,13389.412937
IDN,2016,13308.326802
IDN,2017,13380.833879
IDN,2018,14236.938773
IDN,2019,14147.671361
ISR,1950,0.000036
ISR,1951,0.000036
ISR,1952,0.000036
ISR,1953,0.0001
ISR,1954,0.00018
ISR,1955,0.00018
ISR,1956,0.00018
ISR,1957,0.00018
ISR,1958,0.00018
ISR,1959,0.00018
ISR,1960,0.00018
ISR,1961,0.00018
ISR,1962,0.00029
ISR,1963,0.0003
ISR,1964,0.0003
ISR,1965,0.0003
ISR,1966,0.0003
ISR,1967,0.000308
ISR,1968,0.00035
ISR,1969,0.00035
ISR,1970,0.00035
ISR,1971,0.000379
ISR,1972,0.000418
ISR,1973,0.000419
ISR,1974,0.000445
ISR,1975,0.000634
ISR,1976,0.000793
ISR,1977,0.001045
ISR,1978,0.001744
ISR,1979,0.002541
ISR,1980,0.005124
ISR,1981,0.011431
ISR,1982,0.024267
ISR,1983,0.056214
ISR,1984,0.29321
ISR,1985,1.178849
ISR,1986,1.487842
ISR,1987,1.594642
ISR,1988,1.598933
ISR,1989,1.916417
ISR,1990,2.016175
ISR,1991,2.279108
ISR,1992,2.459083
ISR,1993,2.830083
ISR,1994,3.011055
ISR,1995,3.011292
ISR,1996,3.19165
ISR,1997,3.44935
ISR,1998,3.800075
ISR,1999,4.139717
ISR,2000,4.077333
ISR,2001,4.20565
ISR,2002,4.737825
ISR,2003,4.554133
ISR,2004,4.481983
ISR,2005,4.4877
ISR,2006,4.455808
ISR,2007,4.108083
ISR,2008,3.588021
ISR,2009,3.932335
ISR,2010,3.738975
ISR,2011,3.578129
ISR,2012,3.855922
ISR,2013,3.610758
ISR,2014,3.577925
ISR,2015,3.886833
ISR,2016,3.840567
ISR,2017,3.599556
ISR,2018,3.590558
ISR,2019,3.564527
RUS,1993,0.991667
RUS,1994,2.19075
RUS,1995,4.55915
RUS,1996,5.120833
RUS,1997,5.784833
RUS,1998,9.705083
RUS,1999,24.6199
RUS,2000,28.129167
RUS,2001,29.168525
RUS,2002,31.348483
RUS,2003,30.692025
RUS,2004,28.813742
RUS,2005,28.284442
RUS,2006,27.190958
RUS,2007,25.580845
RUS,2008,24.852875
RUS,2009,31.740358
RUS,2010,30.367915
RUS,2011,29.382341
RUS,2012,30.839831
RUS,2013,31.837144
RUS,2014,38.378207
RUS,2015,60.93765
RUS,2016,67.055933
RUS,2017,58.342801
RUS,2018,62.668133
RUS,2019,64.737658
SVN,1991,0.115053
SVN,1992,0.339205
SVN,1993,0.47255
SVN,1994,0.537509
SVN,1995,0.494569
SVN,1996,0.564865
SVN,1997,0.666368
SVN,1998,0.693266
SVN,1999,0.758509
SVN,2000,0.929127
SVN,2001,1.012973
SVN,2002,1.002538
SVN,2003,0.86427
SVN,2004,0.802792
SVN,2005,0.804146
SVN,2006,0.797147
SVN,2007,0.729672
SVN,2008,0.679923
SVN,2009,0.716958
SVN,2010,0.754309
SVN,2011,0.718414
SVN,2012,0.778338
SVN,2013,0.752945
SVN,2014,0.752728
SVN,2015,0.901296
SVN,2016,0.903421
SVN,2017,0.885206
SVN,2018,0.846773
SVN,2019,0.893276
ZAF,1950,0.714286
ZAF,1951,0.714286
ZAF,1952,0.714286
ZAF,1953,0.714286
ZAF,1954,0.714286
ZAF,1955,0.714286
ZAF,1956,0.714286
ZAF,1957,0.714286
ZAF,1958,0.714286
ZAF,1959,0.714286
ZAF,1960,0.714286
ZAF,1961,0.714286
ZAF,1962,0.714286
ZAF,1963,0.714286
ZAF,1964,0.714286
ZAF,1965,0.714286
ZAF,1966,0.714286
ZAF,1967,0.714286
ZAF,1968,0.714286
ZAF,1969,0.714286
ZAF,1970,0.714286
ZAF,1971,0.715217
ZAF,1972,0.768725
ZAF,1973,0.693959
ZAF,1974,0.679477
ZAF,1975,0.739508
ZAF,1976,0.869565
ZAF,1977,0.869565
ZAF,1978,0.869565
ZAF,1979,0.842023
ZAF,1980,0.778834
ZAF,1981,0.877579
ZAF,1982,1.085816
ZAF,1983,1.1141
ZAF,1984,1.475277
ZAF,1985,2.228675
ZAF,1986,2.285032
ZAF,1987,2.036033
ZAF,1988,2.273468
ZAF,1989,2.622678
ZAF,1990,2.587321
ZAF,1991,2.761315
ZAF,1992,2.852014
ZAF,1993,3.267742
ZAF,1994,3.550798
ZAF,1995,3.627085
ZAF,1996,4.299349
ZAF,1997,4.607962
ZAF,1998,5.528284
ZAF,1999,6.109484
ZAF,2000,6.939828
ZAF,2001,8.609181
ZAF,2002,10.540747
ZAF,2003,7.564749
ZAF,2004,6.459693
ZAF,2005,6.359328
ZAF,2006,6.771549
ZAF,2007,7.045365
ZAF,2008,8.261223
ZAF,2009,8.473674
ZAF,2010,7.321222
ZAF,2011,7.261132
ZAF,2012,8.209969
ZAF,2013,9.655056
ZAF,2014,10.852656
ZAF,2015,12.758931
ZAF,2016,14.709611
ZAF,2017,13.323801
ZAF,2018,13.233926
ZAF,2019,14.448427
DEW,1960,2.147426
DEW,1961,2.062209
DEW,1962,2.045168
DEW,1963,2.045168
DEW,1964,2.045168
DEW,1965,2.045168
DEW,1966,2.045168
DEW,1967,2.045168
DEW,1968,2.045168
DEW,1969,2.016193
DEW,1970,1.871328
DEW,1971,1.784813
DEW,1972,1.630326
DEW,1973,1.366479
DEW,1974,1.323096
DEW,1975,1.257926
DEW,1976,1.287433
DEW,1977,1.187312
DEW,1978,1.026996
DEW,1979,0.937137
DEW,1980,0.92936
DEW,1981,1.15552
DEW,1982,1.240696
DEW,1983,1.305461
DEW,1984,1.455106
DEW,1985,1.505228
DEW,1986,1.11026
DEW,1987,0.918991
DEW,1988,0.897946
DEW,1989,0.961249
DEW,1990,0.82611
DEW,1991,0.848509
DEW,1992,0.798459
DEW,1993,0.845329
DEW,1994,0.829719
DEW,1995,0.732748
EU28,1995,0.76452
EU28,1996,0.787557
EU28,1997,0.881803
EU28,1998,0.891989
EU28,1999,0.938283
EU28,2000,1.082705
EU28,2001,1.116533
EU28,2002,1.057559
EU28,2003,0.884048
EU28,2004,0.803922
EU28,2005,0.8038
EU28,2006,0.796433
EU28,2007,0.729672
EU28,2008,0.679923
EU28,2009,0.716958
EU28,2010,0.754309
EU28,2011,0.718414
EU28,2012,0.778338
EU28,2013,0.752945
EU28,2014,0.752728
EU28,2015,0.901296
EU28,2016,0.903421
EU28,2017,0.885206
EU28,2018,0.846773
EU28,2019,0.893276
LVA,1992,1.047898
LVA,1993,0.960913
LVA,1994,0.796452
LVA,1995,0.750683
LVA,1996,0.783647
LVA,1997,0.82657
LVA,1998,0.839257
LVA,1999,0.832617
LVA,2000,0.862972
LVA,2001,0.893445
LVA,2002,0.879607
LVA,2003,0.813136
LVA,2004,0.768683
LVA,2005,0.803519
LVA,2006,0.797389
LVA,2007,0.73106
LVA,2008,0.68414
LVA,2009,0.719333
LVA,2010,0.754798
LVA,2011,0.713191
LVA,2012,0.778133
LVA,2013,0.753256
LVA,2014,0.752728
LVA,2015,0.901296
LVA,2016,0.903421
LVA,2017,0.885206
LVA,2018,0.846773
LVA,2019,0.893276
LTU,1992,0.513424
LTU,1993,1.258128
LTU,1994,1.152036
LTU,1995,1.15848
LTU,1996,1.15848
LTU,1997,1.15848
LTU,1998,1.15848
LTU,1999,1.15848
LTU,2000,1.15848
LTU,2001,1.15848
LTU,2002,1.064921
LTU,2003,0.886488
LTU,2004,0.805315
LTU,2005,0.803413
LTU,2006,0.797099
LTU,2007,0.730921
LTU,2008,0.682656
LTU,2009,0.719426
LTU,2010,0.754846
LTU,2011,0.718576
LTU,2012,0.778004
LTU,2013,0.753304
LTU,2014,0.753097
LTU,2015,0.901296
LTU,2016,0.903421
LTU,2017,0.885206
LTU,2018,0.846773
LTU,2019,0.893276
SAU,1952,3.75
SAU,1953,3.75
SAU,1954,3.75
SAU,1955,3.75
SAU,1956,3.75
SAU,1957,3.75
SAU,1958,3.75
SAU,1959,3.75
SAU,1960,4.5
SAU,1961,4.5
SAU,1962,4.5
SAU,1963,4.5
SAU,1964,4.5
SAU,1965,4.5
SAU,1966,4.5
SAU,1967,4.5
SAU,1968,4.5
SAU,1969,4.5
SAU,1970,4.5
SAU,1971,4.486829
SAU,1972,4.144753
SAU,1973,3.706589
SAU,1974,3.55
SAU,1975,3.517612
SAU,1976,3.53
SAU,1977,3.525065
SAU,1978,3.399562
SAU,1979,3.360837
SAU,1980,3.326742
SAU,1981,3.382508
SAU,1982,3.428171
SAU,1983,3.454759
SAU,1984,3.523811
SAU,1985,3.622136
SAU,1986,3.70625
SAU,1987,3.75
SAU,1988,3.75
SAU,1989,3.75
SAU,1990,3.75
SAU,1991,3.75
SAU,1992,3.75
SAU,1993,3.75
SAU,1994,3.75
SAU,1995,3.75
SAU,1996,3.75
SAU,1997,3.75
SAU,1998,3.75
SAU,1999,3.75
SAU,2000,3.75
SAU,2001,3.75
SAU,2002,3.75
SAU,2003,3.75
SAU,2004,3.75
SAU,2005,3.75
SAU,2006,3.75
SAU,2007,3.75
SAU,2008,3.75
SAU,2009,3.75
SAU,2010,3.75
SAU,2011,3.75
SAU,2012,3.75
SAU,2013,3.75
SAU,2014,3.75
SAU,2015,3.75
SAU,2016,3.75
SAU,2017,3.75
SAU,2018,3.75
SAU,2019,3.75
EA19,1995,0.76452
EA19,1996,0.787557
EA19,1997,0.881803
EA19,1998,0.891989
EA19,1999,0.938283
EA19,2000,1.082705
EA19,2001,1.116533
EA19,2002,1.057559
EA19,2003,0.884048
EA19,2004,0.803922
EA19,2005,0.8038
EA19,2006,0.796433
EA19,2007,0.729672
EA19,2008,0.679923
EA19,2009,0.716958
EA19,2010,0.754309
EA19,2011,0.718414
EA19,2012,0.778338
EA19,2013,0.752945
EA19,2014,0.752728
EA19,2015,0.901296
EA19,2016,0.903421
EA19,2017,0.885206
EA19,2018,0.846773
EA19,2019,0.893276
ARG,1962,0
ARG,1963,0
ARG,1964,0
ARG,1965,0
ARG,1966,0
ARG,1967,0
ARG,1968,0
ARG,1969,0
ARG,1970,0
ARG,1971,0
ARG,1972,0
ARG,1973,0
ARG,1974,0
ARG,1975,0
ARG,1976,0
ARG,1977,0
ARG,1978,0
ARG,1979,0
ARG,1980,0
ARG,1981,0
ARG,1982,0
ARG,1983,0.000001
ARG,1984,0.000007
ARG,1985,0.00006
ARG,1986,0.000094
ARG,1987,0.000214
ARG,1988,0.000875
ARG,1989,0.042334
ARG,1990,0.487589
ARG,1991,0.953554
ARG,1992,0.990642
ARG,1993,0.998946
ARG,1994,0.999008
ARG,1995,0.99975
ARG,1996,0.999663
ARG,1997,0.9995
ARG,1998,0.9995
ARG,1999,0.9995
ARG,2000,0.9995
ARG,2001,0.9995
ARG,2002,3.063257
ARG,2003,2.900629
ARG,2004,2.923301
ARG,2005,2.903658
ARG,2006,3.054313
ARG,2007,3.095649
ARG,2008,3.144165
ARG,2009,3.710107
ARG,2010,3.896295
ARG,2011,4.11014
ARG,2012,4.536934
ARG,2013,5.459353
ARG,2014,8.075276
ARG,2015,9.233186
ARG,2016,14.758175
ARG,2017,16.562707
ARG,2018,28.094992
ARG,2019,48.147892
CRI,1950,5.615
CRI,1951,5.615
CRI,1952,5.615
CRI,1953,5.615
CRI,1954,5.615
CRI,1955,5.615
CRI,1956,5.615
CRI,1957,5.615
CRI,1958,5.615
CRI,1959,5.615
CRI,1960,5.615
CRI,1961,5.951667
CRI,1962,6.625
CRI,1963,6.625
CRI,1964,6.625
CRI,1965,6.625
CRI,1966,6.625
CRI,1967,6.625
CRI,1968,6.625
CRI,1969,6.625
CRI,1970,6.625
CRI,1971,6.625833
CRI,1972,6.635
CRI,1973,6.646758
CRI,1974,7.93
CRI,1975,8.57
CRI,1976,8.57
CRI,1977,8.57
CRI,1978,8.57
CRI,1979,8.57
CRI,1980,8.57
CRI,1981,21.763333
CRI,1982,37.406667
CRI,1983,41.094167
CRI,1984,44.532683
CRI,1985,50.45335
CRI,1986,55.985892
CRI,1987,62.7762
CRI,1988,75.804733
CRI,1989,81.504208
CRI,1990,91.579292
CRI,1991,122.432417
CRI,1992,134.506333
CRI,1993,142.171667
CRI,1994,157.066667
CRI,1995,179.729167
CRI,1996,207.689167
CRI,1997,232.5975
CRI,1998,257.229167
CRI,1999,285.684695
CRI,2000,308.186667
CRI,2001,328.870833
CRI,2002,359.817527
CRI,2003,398.662222
CRI,2004,437.935
CRI,2005,477.786741
CRI,2006,511.301818
CRI,2007,516.61739
CRI,2008,526.235513
CRI,2009,573.287957
CRI,2010,525.829201
CRI,2011,505.66424
CRI,2012,502.901462
CRI,2013,499.766833
CRI,2014,538.3172
CRI,2015,534.56577
CRI,2016,544.739367
CRI,2017,567.51309
CRI,2018,576.972501
CRI,2019,587.294596
BGR,1953,0.00117
BGR,1954,0.00117
BGR,1955,0.00117
BGR,1956,0.00117
BGR,1957,0.00117
BGR,1958,0.00117
BGR,1959,0.00117
BGR,1960,0.00117
BGR,1961,0.00117
BGR,1962,0.00117
BGR,1963,0.00117
BGR,1964,0.00117
BGR,1965,0.00117
BGR,1966,0.00117
BGR,1967,0.00117
BGR,1968,0.00117
BGR,1969,0.00117
BGR,1970,0.00117
BGR,1971,0.00117
BGR,1972,0.00108
BGR,1973,0.000979
BGR,1974,0.00097
BGR,1985,0.00103
BGR,1986,0.00094
BGR,1987,0.00087
BGR,1988,0.00083
BGR,1989,0.00084
BGR,1990,0.00219
BGR,1991,0.017788
BGR,1992,0.023341
BGR,1993,0.027594
BGR,1994,0.054134
BGR,1995,0.067171
BGR,1996,0.177889
BGR,1997,1.681879
BGR,1998,1.760358
BGR,1999,1.836383
BGR,2000,2.123275
BGR,2001,2.184708
BGR,2002,2.076975
BGR,2003,1.732702
BGR,2004,1.575109
BGR,2005,1.574133
BGR,2006,1.559267
BGR,2007,1.42905
BGR,2008,1.337117
BGR,2009,1.406692
BGR,2010,1.477392
BGR,2011,1.406458
BGR,2012,1.52205
BGR,2013,1.473567
BGR,2014,1.474183
BGR,2015,1.7644
BGR,2016,1.768042
BGR,2017,1.735458
BGR,2018,1.657042
BGR,2019,1.747042
HRV,1992,0.263298
HRV,1993,3.579149
HRV,1994,5.998011
HRV,1995,5.230756
HRV,1996,5.434161
HRV,1997,6.160583
HRV,1998,6.363286
HRV,1999,7.111743
HRV,2000,8.277666
HRV,2001,8.341541
HRV,2002,7.871683
HRV,2003,6.704969
HRV,2004,6.034341
HRV,2005,5.949237
HRV,2006,5.837793
HRV,2007,5.364536
HRV,2008,4.93504
HRV,2009,5.283946
HRV,2010,5.498011
HRV,2011,5.34387
HRV,2012,5.850292
HRV,2013,5.70488
HRV,2014,5.748165
HRV,2015,6.858304
HRV,2016,6.80599
HRV,2017,6.623831
HRV,2018,6.279025
HRV,2019,6.622545
CYP,1950,0.610215
CYP,1951,0.610215
CYP,1952,0.610215
CYP,1953,0.610215
CYP,1954,0.610215
CYP,1955,0.610215
CYP,1956,0.610215
CYP,1957,0.610215
CYP,1958,0.610215
CYP,1959,0.610215
CYP,1960,0.610215
CYP,1961,0.610215
CYP,1962,0.610215
CYP,1963,0.610215
CYP,1964,0.610215
CYP,1965,0.610215
CYP,1966,0.610215
CYP,1967,0.61869
CYP,1968,0.711918
CYP,1969,0.711918
CYP,1970,0.711918
CYP,1971,0.701775
CYP,1972,0.655372
CYP,1973,0.597926
CYP,1974,0.623114
CYP,1975,0.630315
CYP,1976,0.701374
CYP,1977,0.697317
CYP,1978,0.638184
CYP,1979,0.605603
CYP,1980,0.603225
CYP,1981,0.720057
CYP,1982,0.812245
CYP,1983,0.899819
CYP,1984,1.005317
CYP,1985,1.046608
CYP,1986,0.8853
CYP,1987,0.822002
CYP,1988,0.797283
CYP,1989,0.845117
CYP,1990,0.782676
CYP,1991,0.793523
CYP,1992,0.768099
CYP,1993,0.849867
CYP,1994,0.840958
CYP,1995,0.773006
CYP,1996,0.79674
CYP,1997,0.878046
CYP,1998,0.884758
CYP,1999,0.927681
CYP,2000,1.063449
CYP,2001,1.098814
CYP,2002,1.043375
CYP,2003,0.884104
CYP,2004,0.800652
CYP,2005,0.792912
CYP,2006,0.784104
CYP,2007,0.728078
CYP,2008,0.679923
CYP,2009,0.716958
CYP,2010,0.754309
CYP,2011,0.718414
CYP,2012,0.778338
CYP,2013,0.752945
CYP,2014,0.752728
CYP,2015,0.901296
CYP,2016,0.903421
CYP,2017,0.885206
CYP,2018,0.846773
CYP,2019,0.893276
MLT,1950,0.831919
MLT,1951,0.831919
MLT,1952,0.831919
MLT,1953,0.831919
MLT,1954,0.831919
MLT,1955,0.831919
MLT,1956,0.831919
MLT,1957,0.831919
MLT,1958,0.831919
MLT,1959,0.831919
MLT,1960,0.831919
MLT,1961,0.831919
MLT,1962,0.831919
MLT,1963,0.831919
MLT,1964,0.831919
MLT,1965,0.831919
MLT,1966,0.831919
MLT,1967,0.843474
MLT,1968,0.970573
MLT,1969,0.970573
MLT,1970,0.970573
MLT,1971,0.948305
MLT,1972,0.888835
MLT,1973,0.859065
MLT,1974,0.897931
MLT,1975,0.896304
MLT,1976,0.9903
MLT,1977,0.983716
MLT,1978,0.897702
MLT,1979,0.83501
MLT,1980,0.804628
MLT,1981,0.900771
MLT,1982,0.960034
MLT,1983,1.007336
MLT,1984,1.073921
MLT,1985,1.092837
MLT,1986,0.915426
MLT,1987,0.804779
MLT,1988,0.770689
MLT,1989,0.811769
MLT,1990,0.740252
MLT,1991,0.752952
MLT,1992,0.742892
MLT,1993,0.890495
MLT,1994,0.880319
MLT,1995,0.822406
MLT,1996,0.839636
MLT,1997,0.899059
MLT,1998,0.904867
MLT,1999,0.929183
MLT,2000,1.020615
MLT,2001,1.048315
MLT,2002,1.010064
MLT,2003,0.878717
MLT,2004,0.802849
MLT,2005,0.805445
MLT,2006,0.794069
MLT,2007,0.726007
MLT,2008,0.679923
MLT,2009,0.716958
MLT,2010,0.754309
MLT,2011,0.718414
MLT,2012,0.778338
MLT,2013,0.752945
MLT,2014,0.752728
MLT,2015,0.901296
MLT,2016,0.903421
MLT,2017,0.885206
MLT,2018,0.846773
MLT,2019,0.893276
PER,1950,0
PER,1951,0
PER,1952,0
PER,1953,0
PER,1954,0
PER,1955,0
PER,1956,0
PER,1957,0
PER,1958,0
PER,1959,0
PER,1960,0
PER,1961,0
PER,1962,0
PER,1963,0
PER,1964,0
PER,1965,0
PER,1966,0
PER,1967,0
PER,1968,0
PER,1969,0
PER,1970,0
PER,1971,0
PER,1972,0
PER,1973,0
PER,1974,0
PER,1975,0
PER,1976,0
PER,1977,0
PER,1978,0
PER,1979,0
PER,1980,0
PER,1981,0
PER,1982,0.000001
PER,1983,0.000002
PER,1984,0.000003
PER,1985,0.000011
PER,1986,0.000014
PER,1987,0.000017
PER,1988,0.000129
PER,1989,0.002666
PER,1990,0.187886
PER,1991,0.7725
PER,1992,1.245833
PER,1993,1.988319
PER,1994,2.195
PER,1995,2.253333
PER,1996,2.453333
PER,1997,2.664167
PER,1998,2.93
PER,1999,3.383333
PER,2000,3.49
PER,2001,3.506833
PER,2002,3.5165
PER,2003,3.478467
PER,2004,3.413175
PER,2005,3.295842
PER,2006,3.274033
PER,2007,3.128045
PER,2008,2.924408
PER,2009,3.011508
PER,2010,2.825125
PER,2011,2.7541
PER,2012,2.637586
PER,2013,2.701899
PER,2014,2.839044
PER,2015,3.184439
PER,2016,3.375062
PER,2017,3.260488
PER,2018,3.286603
ROU,1957,0.0006
ROU,1958,0.0006
ROU,1959,0.0006
ROU,1960,0.0006
ROU,1961,0.0006
ROU,1962,0.0006
ROU,1963,0.0006
ROU,1964,0.0006
ROU,1965,0.0006
ROU,1966,0.0006
ROU,1967,0.0006
ROU,1968,0.0006
ROU,1969,0.0006
ROU,1970,0.0006
ROU,1971,0.0006
ROU,1972,0.000553
ROU,1973,0.001879
ROU,1974,0.002
ROU,1975,0.002
ROU,1976,0.002
ROU,1977,0.002
ROU,1978,0.001836
ROU,1979,0.0018
ROU,1980,0.0018
ROU,1981,0.0015
ROU,1982,0.0015
ROU,1983,0.001718
ROU,1984,0.002128
ROU,1985,0.001714
ROU,1986,0.001615
ROU,1987,0.001456
ROU,1988,0.001428
ROU,1989,0.001492
ROU,1990,0.002243
ROU,1991,0.007639
ROU,1992,0.030795
ROU,1993,0.076005
ROU,1994,0.165509
ROU,1995,0.203328
ROU,1996,0.308422
ROU,1997,0.716794
ROU,1998,0.887558
ROU,1999,1.533284
ROU,2000,2.170872
ROU,2001,2.906079
ROU,2002,3.305543
ROU,2003,3.320007
ROU,2004,3.263657
ROU,2005,2.913653
ROU,2006,2.808983
ROU,2007,2.43825
ROU,2008,2.518858
ROU,2009,3.049325
ROU,2010,3.1779
ROU,2011,3.048608
ROU,2012,3.4682
ROU,2013,3.327917
ROU,2014,3.349175
ROU,2015,4.005667
ROU,2016,4.059183
ROU,2017,4.052492
ROU,2018,3.941617
ROU,2019,4.237925
MKD,1994,43.263183
MKD,1995,37.881758
MKD,1996,39.981075
MKD,1997,50.00355
MKD,1998,54.461733
MKD,1999,56.901828
MKD,2000,65.903867
MKD,2001,68.037133
MKD,2002,64.349792
MKD,2003,54.322258
MKD,2004,49.409933
MKD,2005,49.283683
MKD,2006,48.801767
MKD,2007,44.729817
MKD,2008,41.867683
MKD,2009,44.100575
MKD,2010,46.485392
MKD,2011,44.230825
MKD,2012,47.89025
MKD,2013,46.395342
MKD,2014,46.437131
MKD,2015,55.537075
MKD,2016,55.731725
MKD,2017,54.665458
MKD,2018,52.107108
MKD,2019,54.9472
MDG,1950,34.968
MDG,1951,34.996
MDG,1952,34.997
MDG,1953,34.996
MDG,1954,34.997
MDG,1955,34.997
MDG,1956,34.979
MDG,1957,36.164083
MDG,1958,42.586475
MDG,1959,49.3707
MDG,1960,49.3706
MDG,1961,49.3706
MDG,1962,49.3706
MDG,1963,49.3706
MDG,1964,49.3706
MDG,1965,49.3706
MDG,1966,49.3706
MDG,1967,49.3706
MDG,1968,49.3706
MDG,1969,51.941975
MDG,1970,55.5419
MDG,1971,55.426325
MDG,1972,50.405333
MDG,1973,44.577667
MDG,1974,48.14075
MDG,1975,42.862417
MDG,1976,47.789917
MDG,1977,49.13575
MDG,1978,45.131
MDG,1979,42.544167
MDG,1980,42.25575
MDG,1981,54.346083
MDG,1982,69.947167
MDG,1983,86.089833
MDG,1984,115.3285
MDG,1985,132.4955
MDG,1986,135.268167
MDG,1987,213.842667
MDG,1988,281.421333
MDG,1989,320.6875
MDG,1990,298.829333
MDG,1991,367.072
MDG,1992,372.793333
MDG,1993,382.7565
MDG,1994,613.467167
MDG,1995,853.126333
MDG,1996,812.250333
MDG,1997,1018.177167
MDG,1998,1088.279667
MDG,1999,1256.755
MDG,2000,1353.496167
MDG,2001,1317.698833
MDG,2002,1366.391167
MDG,2003,1238.327667
MDG,2004,1868.857833
MDG,2005,2003.025833
MDG,2006,2142.301667
MDG,2007,1873.876667
MDG,2008,1708.370833
MDG,2009,1956.205833
MDG,2010,2089.95
MDG,2011,2025.1175
MDG,2012,2194.966667
MDG,2013,2206.914167
MDG,2014,2414.811667
MDG,2015,2933.508333
MDG,2016,3176.539167
MDG,2017,3116.11
MDG,2018,3334.752255
MAR,1950,3.499
MAR,1951,3.5
MAR,1952,3.5
MAR,1953,3.5
MAR,1954,3.5
MAR,1955,3.5
MAR,1956,3.5
MAR,1957,3.587375
MAR,1958,4.1975
MAR,1959,4.870998
MAR,1960,5.06049
MAR,1961,5.06049
MAR,1962,5.06049
MAR,1963,5.06049
MAR,1964,5.06049
MAR,1965,5.06049
MAR,1966,5.06049
MAR,1967,5.06049
MAR,1968,5.06049
MAR,1969,5.06049
MAR,1970,5.06049
MAR,1971,5.049959
MAR,1972,4.59248
MAR,1973,4.106921
MAR,1974,4.369767
MAR,1975,4.052487
MAR,1976,4.419312
MAR,1977,4.503346
MAR,1978,4.166671
MAR,1979,3.899134
MAR,1980,3.936646
MAR,1981,5.172296
MAR,1982,6.023022
MAR,1983,7.111323
MAR,1984,8.810536
MAR,1985,10.062494
MAR,1986,9.104442
MAR,1987,8.359225
MAR,1988,8.20915
MAR,1989,8.48817
MAR,1990,8.242342
MAR,1991,8.70655
MAR,1992,8.537875
MAR,1993,9.298709
MAR,1994,9.202715
MAR,1995,8.540236
MAR,1996,8.715876
MAR,1997,9.527107
MAR,1998,9.604416
MAR,1999,9.804419
MAR,2000,10.625636
MAR,2001,11.302975
MAR,2002,11.020583
MAR,2003,9.574383
MAR,2004,8.868017
MAR,2005,8.865008
MAR,2006,8.795583
MAR,2007,8.192333
MAR,2008,7.750325
MAR,2009,8.0571
MAR,2010,8.417158
MAR,2011,8.089875
MAR,2012,8.628445
MAR,2013,8.405504
MAR,2014,8.406337
MAR,2015,9.764348
MAR,2016,9.807476
MAR,2017,9.691998
MAR,2018,9.386102
ZMB,1950,0.714286
ZMB,1951,0.714286
ZMB,1952,0.714286
ZMB,1953,0.714286
ZMB,1954,0.714286
ZMB,1955,0.714286
ZMB,1956,0.714286
ZMB,1957,0.714286
ZMB,1958,0.714286
ZMB,1959,0.714286
ZMB,1960,0.714286
ZMB,1961,0.714286
ZMB,1962,0.714286
ZMB,1963,0.714286
ZMB,1964,0.714286
ZMB,1965,0.714286
ZMB,1966,0.714286
ZMB,1967,0.714286
ZMB,1968,0.714286
ZMB,1969,0.714286
ZMB,1970,0.714286
ZMB,1971,0.714286
ZMB,1972,0.000714
ZMB,1973,0.000652
ZMB,1974,0.000643
ZMB,1975,0.000643
ZMB,1976,0.000701
ZMB,1977,0.00079
ZMB,1978,0.000801
ZMB,1979,0.000793
ZMB,1980,0.000789
ZMB,1981,0.00087
ZMB,1982,0.000929
ZMB,1983,0.001259
ZMB,1984,0.001813
ZMB,1985,0.00314
ZMB,1986,0.007788
ZMB,1987,0.009519
ZMB,1988,0.008266
ZMB,1989,0.013814
ZMB,1990,0.030289
ZMB,1991,0.06464
ZMB,1992,0.172214
ZMB,1993,0.452763
ZMB,1994,0.669371
ZMB,1995,0.864119
ZMB,1996,1.2079
ZMB,1997,1.314498
ZMB,1998,1.862069
ZMB,1999,2.388019
ZMB,2000,3.110844
ZMB,2001,3.610935
ZMB,2002,4.398595
ZMB,2003,4.733271
ZMB,2004,4.778875
ZMB,2005,4.465
ZMB,2006,3.601667
ZMB,2007,4.001667
ZMB,2008,3.745
ZMB,2009,5.045
ZMB,2010,4.7975
ZMB,2011,4.861667
ZMB,2012,5.1475
ZMB,2013,5.396483
ZMB,2014,6.154167
ZMB,2015,8.631667
ZMB,2016,10.3075
ZMB,2017,9.517803
ZMB,2018,10.458143
SRB,1997,5.9123
SRB,1998,10.0308
SRB,1999,11.6615
SRB,2000,63.1659
SRB,2001,66.91366
SRB,2002,64.398251
SRB,2003,57.585425
SRB,2004,58.3814
SRB,2005,66.713808
SRB,2006,67.145817
SRB,2007,58.453525
SRB,2008,55.723483
SRB,2009,67.5806
SRB,2010,77.728933
SRB,2011,73.3334
SRB,2012,87.9733
SRB,2013,85.15885
SRB,2014,88.405308
SRB,2015,108.811425
SRB,2016,111.27785
SRB,2017,107.75885
SRB,2018,100.175075
HKG,1950,5.7143
HKG,1951,5.7143
HKG,1952,5.7143
HKG,1953,5.7143
HKG,1954,5.7143
HKG,1955,5.7143
HKG,1956,5.7143
HKG,1957,5.7143
HKG,1958,5.7143
HKG,1959,5.7143
HKG,1960,5.7143
HKG,1961,5.7143
HKG,1962,5.7143
HKG,1963,5.7143
HKG,1964,5.7143
HKG,1965,5.7143
HKG,1966,5.7143
HKG,1967,5.743158
HKG,1968,6.0606
HKG,1969,6.0606
HKG,1970,6.0606
HKG,1971,5.98041
HKG,1972,5.641417
HKG,1973,5.1465
HKG,1974,5.031583
HKG,1975,4.935167
HKG,1976,4.90475
HKG,1977,4.662
HKG,1978,4.683667
HKG,1979,5.002667
HKG,1980,4.976083
HKG,1981,5.589333
HKG,1982,6.069917
HKG,1983,7.265167
HKG,1984,7.818
HKG,1985,7.79075
HKG,1986,7.803333
HKG,1987,7.79825
HKG,1988,7.806
HKG,1989,7.799917
HKG,1990,7.78975
HKG,1991,7.771167
HKG,1992,7.740583
HKG,1993,7.735583
HKG,1994,7.728417
HKG,1995,7.735833
HKG,1996,7.734254
HKG,1997,7.742083
HKG,1998,7.745333
HKG,1999,7.7575
HKG,2000,7.791167
HKG,2001,7.79875
HKG,2002,7.798917
HKG,2003,7.78675
HKG,2004,7.788
HKG,2005,7.777333
HKG,2006,7.767833
HKG,2007,7.801417
HKG,2008,7.786833
HKG,2009,7.75175
HKG,2010,7.769167
HKG,2011,7.784
HKG,2012,7.756417
HKG,2013,7.756
HKG,2014,7.754083
HKG,2015,7.75175
HKG,2016,7.76225
HKG,2017,7.79325
HKG,2018,7.8385
